trait_id,display_name,asset_path,family,rarity,max_level,lv1,lv2,lv3_max,effect_kind,primary_role,purpose,overlapping_equipment,acquisition_eligibility,description,composition_notes,development_branch,development_roster,research_row,blueprint_position,manufacturing_scrap,manufacturing_core,recipe_basis,deployment
shared_cargo_bay,확장 적재실,Assets/02_Scripts/Config/TraitDefinition/Common/01_shared_cargo_bay.asset,Shared,Common,3,CargoCapacityBonus 8,CargoCapacityBonus 10,CargoCapacityBonus 14,Numeric,Salvage,Maximum cargo specialization,shared_bulkhead_cargo_frame;shared_lightweight_cargo,Immutable effective run fitting + compatibility + runtime prerequisites + below Max; normal deployment seeds Lv1; source rarity/exposure rules retained,전투 보조 대신 적재량에 집중해 한 번에 더 많은 자원을 운반한다.,"Per-level entries; numeric composition follows the effect consumer, not a sum of all percentages.",Shared,yes,0,1,1,1,retained original first-unlock cost,"Lv1 when researched, manufactured, fitted and compatible"
shared_salvage_protocol,수확 프로토콜,Assets/02_Scripts/Config/TraitDefinition/Common/02_shared_salvage_protocol.asset,Shared,Common,3,HarvestYieldPercent 8,HarvestYieldPercent 8,HarvestYieldPercent 8,Numeric,Salvage,Yield per harvested deposit,shared_scrap_sorter,Immutable effective run fitting + compatibility + runtime prerequisites + below Max; normal deployment seeds Lv1; source rarity/exposure rules retained,같은 잔해에서 더 많은 자원을 회수한다.,"Per-level entries; numeric composition follows the effect consumer, not a sum of all percentages.",Shared,yes,1,1,1,3,retained original first-unlock cost,"Lv1 when researched, manufactured, fitted and compatible"
shared_salvage_magnet,회수 자석,Assets/02_Scripts/Config/TraitDefinition/Common/03_shared_salvage_magnet.asset,Shared,Common,3,PickupRangeBonus 1.2,PickupRangeBonus 1.2,PickupRangeBonus 1.2,Numeric,Salvage,Largest pickup reach,shared_scrap_sorter;shared_collection_route,Immutable effective run fitting + compatibility + runtime prerequisites + below Max; normal deployment seeds Lv1; source rarity/exposure rules retained,흩어진 자원을 멀리서 끌어당겨 회수 동선을 줄인다.,"Per-level entries; numeric composition follows the effect consumer, not a sum of all percentages.",Shared,yes,0,2,10,0,provisional integration recipe,"Lv1 when researched, manufactured, fitted and compatible"
shared_reinforced_plating,강화 장갑,Assets/02_Scripts/Config/TraitDefinition/Common/04_shared_reinforced_plating.asset,Shared,Common,3,MaxHpBonus 2,MaxHpBonus 2,MaxHpBonus 4,Numeric,Survival,Largest flat health reserve,shared_survival_protocol;shared_bulkhead_cargo_frame,Immutable effective run fitting + compatibility + runtime prerequisites + below Max; normal deployment seeds Lv1; source rarity/exposure rules retained,최대 체력에 집중해 회복 없이 버틸 수 있는 여유를 늘린다.,"Per-level entries; numeric composition follows the effect consumer, not a sum of all percentages.",Shared,yes,1,2,20,1,provisional integration recipe,"Lv1 when researched, manufactured, fitted and compatible"
shared_engine_tuning,엔진 튜닝,Assets/02_Scripts/Config/TraitDefinition/Common/05_shared_engine_tuning.asset,Shared,Common,3,MoveSpeedPercent 5,MoveSpeedPercent 5,MoveSpeedPercent 5,Numeric,Mobility,Sustained repositioning speed,shared_collection_route;shared_lightweight_cargo,Immutable effective run fitting + compatibility + runtime prerequisites + below Max; normal deployment seeds Lv1; source rarity/exposure rules retained,지속 이동 속도를 높여 탐색과 사선 이탈을 돕는다.,"Per-level entries; numeric composition follows the effect consumer, not a sum of all percentages.",Shared,yes,0,3,20,1,provisional integration recipe,"Lv1 when researched, manufactured, fitted and compatible"
shared_dash_capacitor,대쉬 캐패시터,Assets/02_Scripts/Config/TraitDefinition/Common/06_shared_dash_capacitor.asset,Shared,Common,3,DashCooldownReduction 0.08,DashCooldownReduction 0.08,DashCooldownReduction 0.08,Numeric,Mobility,Frequent dash availability,shared_return_protocol,Immutable effective run fitting + compatibility + runtime prerequisites + below Max; normal deployment seeds Lv1; source rarity/exposure rules retained,대쉬를 더 자주 사용해 위험 구간을 빠져나온다.,"Per-level entries; numeric composition follows the effect consumer, not a sum of all percentages.",Shared,yes,2,2,30,2,promoted legacy; provisional tier formula for new manufacture,"Lv1 when researched, manufactured, fitted and compatible"
shared_vector_thruster,벡터 추진기,Assets/02_Scripts/Config/TraitDefinition/Common/07_shared_vector_thruster.asset,Shared,Common,3,DashDistanceBonus 0.5,DashDistanceBonus 0.5,DashDistanceBonus 0.5,Numeric,Mobility,Longer dash displacement,sg_breaching_drive,Immutable effective run fitting + compatibility + runtime prerequisites + below Max; normal deployment seeds Lv1; source rarity/exposure rules retained,한 번의 대쉬로 더 먼 거리를 가로지른다.,"Per-level entries; numeric composition follows the effect consumer, not a sum of all percentages.",Shared,no,0,,0,0,legacy ownership only; not sold,Previously manufactured compatible ownership; Lv1 deployment when fitted
shared_repair_foam,정비 폼,Assets/02_Scripts/Config/TraitDefinition/Common/08_shared_repair_foam.asset,Shared,Common,3,HealEfficiencyPercent 15,HealEfficiencyPercent 15,HealEfficiencyPercent 15,Numeric,Survival,Recovery efficiency specialist,shared_survival_protocol,Immutable effective run fitting + compatibility + runtime prerequisites + below Max; normal deployment seeds Lv1; source rarity/exposure rules retained,같은 회복 자원으로 더 많은 체력을 복구한다.,"Per-level entries; numeric composition follows the effect consumer, not a sum of all percentages.",Shared,yes,1,3,20,1,promoted legacy; provisional tier formula for new manufacture,"Lv1 when researched, manufactured, fitted and compatible"
shared_targeting_bus,조준 버스,Assets/02_Scripts/Config/TraitDefinition/Common/09_shared_targeting_bus.asset,Shared,Common,3,DamagePercent 5,DamagePercent 6,DamagePercent 8,Numeric,Offense,Pure damage specialist,shared_standard_upgrade;shared_cutting_ammo,Immutable effective run fitting + compatibility + runtime prerequisites + below Max; normal deployment seeds Lv1; source rarity/exposure rules retained,범용 화력을 집중 보강한다. 최대 단계에서 화력 증가 폭이 커진다.,"Per-level entries; numeric composition follows the effect consumer, not a sum of all percentages.",Shared,no,0,,30,2,legacy ownership only; not sold,Previously manufactured compatible ownership; Lv1 deployment when fitted
shared_accelerator_coil,가속 코일,Assets/02_Scripts/Config/TraitDefinition/Common/10_shared_accelerator_coil.asset,Shared,Common,3,ProjectileSpeedPercent 8,ProjectileSpeedPercent 8,ProjectileSpeedPercent 8,Numeric,Control,Fast projectile delivery,shared_longshot_stabilizer;mg_salvage_sweep,Immutable effective run fitting + compatibility + runtime prerequisites + below Max; normal deployment seeds Lv1; source rarity/exposure rules retained,탄속을 높여 움직이는 목표를 맞히기 쉽게 한다.,"Per-level entries; numeric composition follows the effect consumer, not a sum of all percentages.",Shared,no,0,,0,0,legacy ownership only; not sold,Previously manufactured compatible ownership; Lv1 deployment when fitted
shared_range_focusing,사거리 초점화,Assets/02_Scripts/Config/TraitDefinition/Common/11_shared_range_focusing.asset,Shared,Common,3,RangePercent 8,RangePercent 8,RangePercent 8,Numeric,Control,Maximum firing reach,shared_longshot_stabilizer;mg_midrange_pressure,Immutable effective run fitting + compatibility + runtime prerequisites + below Max; normal deployment seeds Lv1; source rarity/exposure rules retained,사거리에 집중해 더 먼 거리에서 교전을 시작한다.,"Per-level entries; numeric composition follows the effect consumer, not a sum of all percentages.",Shared,no,0,,0,0,legacy ownership only; not sold,Previously manufactured compatible ownership; Lv1 deployment when fitted
shared_rapid_feed,급속 급탄,Assets/02_Scripts/Config/TraitDefinition/Common/12_shared_rapid_feed.asset,Shared,Common,3,FireRatePercent 5,FireRatePercent 6,FireRatePercent 8,Numeric,Offense,Pure firing cadence specialist,mg_stable_feed;mg_sustained_harvest_fire,Immutable effective run fitting + compatibility + runtime prerequisites + below Max; normal deployment seeds Lv1; source rarity/exposure rules retained,연사력에 집중한다. 최대 단계에서 지속 사격이 한층 빨라진다.,"Per-level entries; numeric composition follows the effect consumer, not a sum of all percentages.",Shared,no,0,,20,1,legacy ownership only; not sold,Previously manufactured compatible ownership; Lv1 deployment when fitted
shared_combat_gyro,전투 자이로,Assets/02_Scripts/Config/TraitDefinition/Common/13_shared_combat_gyro.asset,Shared,Common,3,SpreadReductionPercent 8,SpreadReductionPercent 10,SpreadReductionPercent 14,Numeric,Control,Pure spread specialist,mg_stable_feed;sg_choke_barrel,Immutable effective run fitting + compatibility + runtime prerequisites + below Max; normal deployment seeds Lv1; source rarity/exposure rules retained,탄 퍼짐에 집중해 사격을 한곳에 모은다.,"Per-level entries; numeric composition follows the effect consumer, not a sum of all percentages.",Shared,no,0,,30,2,legacy ownership only; not sold,Previously manufactured compatible ownership; Lv1 deployment when fitted
shared_scrap_sorter,스크랩 분류기,Assets/02_Scripts/Config/TraitDefinition/Common/14_shared_scrap_sorter.asset,Shared,Rare,3,HarvestYieldPercent 5; PickupRangeBonus 0.6,HarvestYieldPercent 5; PickupRangeBonus 0.6,HarvestYieldPercent 5; PickupRangeBonus 0.6,Numeric,Salvage,Yield plus convenient collection,shared_salvage_protocol;shared_salvage_magnet,Immutable effective run fitting + compatibility + runtime prerequisites + below Max; normal deployment seeds Lv1; source rarity/exposure rules retained,수확량과 흡수 범위를 함께 늘려 회수 효율을 높인다.,"Per-level entries; numeric composition follows the effect consumer, not a sum of all percentages.",Shared,no,0,,0,0,legacy ownership only; not sold,Previously manufactured compatible ownership; Lv1 deployment when fitted
shared_return_container,복귀 보관함,Assets/02_Scripts/Config/TraitDefinition/Common/15_shared_return_container.asset,Shared,Rare,3,EmergencyReturnCapacityRatioBonus 4,EmergencyReturnCapacityRatioBonus 5,EmergencyReturnCapacityRatioBonus 7,Numeric,Salvage,Maximum emergency preservation,shared_return_protocol,Immutable effective run fitting + compatibility + runtime prerequisites + below Max; normal deployment seeds Lv1; source rarity/exposure rules retained,긴급복귀 때 보존할 수 있는 화물 비율을 늘린다.,"Per-level entries; numeric composition follows the effect consumer, not a sum of all percentages.",Shared,yes,3,1,50,4,provisional integration recipe,"Lv1 when researched, manufactured, fitted and compatible"
shared_radar_amplifier,레이더 증폭기,Assets/02_Scripts/Config/TraitDefinition/Common/16_shared_radar_amplifier.asset,Shared,Common,3,RadarScanRadiusBonus 2,RadarScanRadiusBonus 2,RadarScanRadiusBonus 2,Numeric,Tactical,Scan reach specialist,sn_focus_lens,Immutable effective run fitting + compatibility + runtime prerequisites + below Max; normal deployment seeds Lv1; source rarity/exposure rules retained,레이더 탐색 반경을 넓혀 주변 항로를 먼저 파악한다.,"Per-level entries; numeric composition follows the effect consumer, not a sum of all percentages.",Shared,yes,2,1,30,2,provisional integration recipe,"Lv1 when researched, manufactured, fitted and compatible"
shared_active_cooler,액티브 냉각기,Assets/02_Scripts/Config/TraitDefinition/Common/17_shared_active_cooler.asset,Shared,Rare,3,ActiveCooldownReductionPercent 8,ActiveCooldownReductionPercent 8,ActiveCooldownReductionPercent 8,Numeric,Tactical,Reinforcement recharge cadence,shared_dash_capacitor,Immutable effective run fitting + compatibility + runtime prerequisites + below Max; normal deployment seeds Lv1; source rarity/exposure rules retained,리인포스먼트 재충전 시간을 줄여 전술 장비를 자주 사용한다.,"Per-level entries; numeric composition follows the effect consumer, not a sum of all percentages.",Shared,yes,3,2,50,4,provisional integration recipe,"Lv1 when researched, manufactured, fitted and compatible"
shared_bulkhead_cargo_frame,격벽 적재 프레임,Assets/02_Scripts/Config/TraitDefinition/Common/18_shared_bulkhead_cargo_frame.asset,Shared,Rare,3,MaxHpBonus 1; CargoCapacityBonus 8,MaxHpBonus 1; CargoCapacityBonus 8,MaxHpBonus 1; CargoCapacityBonus 8,Numeric,Salvage,Cargo with health reserve,shared_cargo_bay;shared_survival_protocol,Immutable effective run fitting + compatibility + runtime prerequisites + below Max; normal deployment seeds Lv1; source rarity/exposure rules retained,적재량과 최대 체력을 함께 보강하는 운송용 프레임.,"Per-level entries; numeric composition follows the effect consumer, not a sum of all percentages.",Shared,no,0,,0,0,legacy ownership only; not sold,Previously manufactured compatible ownership; Lv1 deployment when fitted
shared_collection_route,회수 항로 계산기,Assets/02_Scripts/Config/TraitDefinition/Common/19_shared_collection_route.asset,Shared,Common,3,MoveSpeedPercent 3; PickupRangeBonus 0.8,MoveSpeedPercent 3; PickupRangeBonus 0.8,MoveSpeedPercent 3; PickupRangeBonus 0.8,Numeric,Salvage,Fast mobile collection,shared_engine_tuning;shared_salvage_magnet,Immutable effective run fitting + compatibility + runtime prerequisites + below Max; normal deployment seeds Lv1; source rarity/exposure rules retained,이동 속도와 흡수 범위를 늘려 멈추지 않고 자원을 모은다.,"Per-level entries; numeric composition follows the effect consumer, not a sum of all percentages.",Shared,no,0,,0,0,legacy ownership only; not sold,Previously manufactured compatible ownership; Lv1 deployment when fitted
shared_cutting_ammo,절단 탄약,Assets/02_Scripts/Config/TraitDefinition/Common/20_shared_cutting_ammo.asset,Shared,Rare,3,HarvestObjectDamagePercent 10; DamagePercent 3,HarvestObjectDamagePercent 10; DamagePercent 3,HarvestObjectDamagePercent 10; DamagePercent 3,Numeric,Salvage,General harvest damage with modest combat gain,sg_close_harvest_burst;shared_targeting_bus,Immutable effective run fitting + compatibility + runtime prerequisites + below Max; normal deployment seeds Lv1; source rarity/exposure rules retained,잔해 절단을 빠르게 하고 일반 전투 화력도 조금 보강한다.,"Per-level entries; numeric composition follows the effect consumer, not a sum of all percentages.",Shared,yes,2,3,40,3,promoted legacy; provisional tier formula for new manufacture,"Lv1 when researched, manufactured, fitted and compatible"
shared_longshot_stabilizer,장거리 안정기,Assets/02_Scripts/Config/TraitDefinition/Common/21_shared_longshot_stabilizer.asset,Shared,Rare,3,RangePercent 6; ProjectileSpeedPercent 6,RangePercent 6; ProjectileSpeedPercent 6,RangePercent 6; ProjectileSpeedPercent 6,Numeric,Control,Balanced projectile reach and speed,shared_range_focusing;shared_accelerator_coil,Immutable effective run fitting + compatibility + runtime prerequisites + below Max; normal deployment seeds Lv1; source rarity/exposure rules retained,사거리와 탄속을 함께 높여 원거리 사격을 안정시킨다.,"Per-level entries; numeric composition follows the effect consumer, not a sum of all percentages.",Shared,no,0,,0,0,legacy ownership only; not sold,Previously manufactured compatible ownership; Lv1 deployment when fitted
shared_survival_protocol,생존 프로토콜,Assets/02_Scripts/Config/TraitDefinition/Common/22_shared_survival_protocol.asset,Shared,Rare,3,MaxHpBonus 2; HealEfficiencyPercent 8,MaxHpBonus 2; HealEfficiencyPercent 8,MaxHpBonus 2; HealEfficiencyPercent 8,Numeric,Survival,Health plus healing synergy,shared_reinforced_plating;shared_repair_foam,Immutable effective run fitting + compatibility + runtime prerequisites + below Max; normal deployment seeds Lv1; source rarity/exposure rules retained,최대 체력과 회복 효율을 함께 높여 반복 교전에 대비한다.,"Per-level entries; numeric composition follows the effect consumer, not a sum of all percentages.",Shared,no,0,,0,0,legacy ownership only; not sold,Previously manufactured compatible ownership; Lv1 deployment when fitted
shared_lightweight_cargo,경량 적재함,Assets/02_Scripts/Config/TraitDefinition/Common/23_shared_lightweight_cargo.asset,Shared,Rare,3,CargoCapacityBonus 8; MoveSpeedPercent 3,CargoCapacityBonus 8; MoveSpeedPercent 3,CargoCapacityBonus 8; MoveSpeedPercent 3,Numeric,Salvage,Cargo with cruising speed,shared_cargo_bay;shared_collection_route,Immutable effective run fitting + compatibility + runtime prerequisites + below Max; normal deployment seeds Lv1; source rarity/exposure rules retained,적재량과 이동 속도를 함께 높여 회수 항로를 빠르게 순회한다.,"Per-level entries; numeric composition follows the effect consumer, not a sum of all percentages.",Shared,no,0,,0,0,legacy ownership only; not sold,Previously manufactured compatible ownership; Lv1 deployment when fitted
shared_return_protocol,복귀 프로토콜,Assets/02_Scripts/Config/TraitDefinition/Common/24_shared_return_protocol.asset,Shared,Rare,3,EmergencyReturnCapacityRatioBonus 4; DashCooldownReduction 0.04,EmergencyReturnCapacityRatioBonus 4; DashCooldownReduction 0.04,EmergencyReturnCapacityRatioBonus 4; DashCooldownReduction 0.04,Numeric,Salvage,Escape cadence plus preserved cargo,shared_return_container;shared_dash_capacitor,Immutable effective run fitting + compatibility + runtime prerequisites + below Max; normal deployment seeds Lv1; source rarity/exposure rules retained,대쉬 회전율과 긴급복귀 보존량을 함께 보강한다.,"Per-level entries; numeric composition follows the effect consumer, not a sum of all percentages.",Shared,no,0,,0,0,legacy ownership only; not sold,Previously manufactured compatible ownership; Lv1 deployment when fitted
shared_standard_upgrade,표준 개수 키트,Assets/02_Scripts/Config/TraitDefinition/Common/25_shared_standard_upgrade.asset,Shared,Common,3,DamagePercent 4; MaxHpBonus 1,DamagePercent 4; MaxHpBonus 1,DamagePercent 4; MaxHpBonus 1,Numeric,Offense,Modest all-round damage and health,shared_targeting_bus;shared_reinforced_plating,Immutable effective run fitting + compatibility + runtime prerequisites + below Max; normal deployment seeds Lv1; source rarity/exposure rules retained,공격력과 최대 체력을 조금씩 보강하는 균형형 모듈.,"Per-level entries; numeric composition follows the effect consumer, not a sum of all percentages.",Shared,no,0,,0,0,legacy ownership only; not sold,Previously manufactured compatible ownership; Lv1 deployment when fitted
mg_sustained_harvest_fire,지속 수확 사격,Assets/02_Scripts/Config/TraitDefinition/MachineGun/26_mg_sustained_harvest_fire.asset,Sweeper / MachineGun,Rare,3,FireRatePercent 8; HarvestObjectDamagePercent 8,FireRatePercent 8; HarvestObjectDamagePercent 8,FireRatePercent 8; HarvestObjectDamagePercent 8,Numeric,Salvage,Sustained mining fire,mg_stable_feed;shared_cutting_ammo,Immutable effective run fitting + compatibility + runtime prerequisites + below Max; normal deployment seeds Lv1; source rarity/exposure rules retained,기관총 연사와 잔해 피해를 함께 높여 수확 사격을 이어간다.,"Per-level entries; numeric composition follows the effect consumer, not a sum of all percentages.",Sweeper,yes,1,1,20,1,provisional integration recipe,"Lv1 when researched, manufactured, fitted and compatible"
mg_guidance_control,유도 제어,Assets/02_Scripts/Config/TraitDefinition/MachineGun/27_mg_guidance_control.asset,Sweeper / MachineGun,Rare,3,HomingAngleBonus 6; HomingRangeBonus 1,HomingAngleBonus 8; HomingRangeBonus 1.5,HomingAngleBonus 10; HomingRangeBonus 2,Projectile specialization + numeric,Control,Homing acquisition and steering,mg_terminal_guidance,Immutable effective run fitting + compatibility + runtime prerequisites + below Max; normal deployment seeds Lv1; source rarity/exposure rules retained,유도 각도와 탐색 거리를 넓혀 움직이는 목표를 추적한다.,"Per-level entries; numeric composition follows the effect consumer, not a sum of all percentages.",Sweeper,yes,0,2,20,1,provisional integration recipe,"Lv1 when researched, manufactured, fitted and compatible"
mg_stable_feed,안정 급탄,Assets/02_Scripts/Config/TraitDefinition/MachineGun/28_mg_stable_feed.asset,Sweeper / MachineGun,Common,3,SpreadReductionPercent 6; FireRatePercent 4,SpreadReductionPercent 8; FireRatePercent 5,SpreadReductionPercent 10; FireRatePercent 6,Numeric,Offense,Accurate sustained fire,shared_combat_gyro;shared_rapid_feed,Immutable effective run fitting + compatibility + runtime prerequisites + below Max; normal deployment seeds Lv1; source rarity/exposure rules retained,탄 퍼짐을 줄이고 연사를 보조하는 안정형 급탄 장치.,"Per-level entries; numeric composition follows the effect consumer, not a sum of all percentages.",Sweeper,yes,0,3,10,0,provisional integration recipe,"Lv1 when researched, manufactured, fitted and compatible"
mg_salvage_sweep,수확 탄막,Assets/02_Scripts/Config/TraitDefinition/MachineGun/29_mg_salvage_sweep.asset,Sweeper / MachineGun,Rare,3,ProjectileSpeedPercent 8; PickupRangeBonus 0.6,ProjectileSpeedPercent 8; PickupRangeBonus 0.6,ProjectileSpeedPercent 8; PickupRangeBonus 0.6,Numeric,Salvage,Projectile delivery and pickup reach,shared_accelerator_coil;shared_salvage_magnet,Immutable effective run fitting + compatibility + runtime prerequisites + below Max; normal deployment seeds Lv1; source rarity/exposure rules retained,빠른 탄으로 잔해를 쓸고 흩어진 자원을 넓게 회수한다.,"Per-level entries; numeric composition follows the effect consumer, not a sum of all percentages.",Sweeper,yes,1,2,30,2,provisional integration recipe,"Lv1 when researched, manufactured, fitted and compatible"
mg_midrange_pressure,중거리 압박,Assets/02_Scripts/Config/TraitDefinition/MachineGun/30_mg_midrange_pressure.asset,Sweeper / MachineGun,Rare,3,RangePercent 6; DamagePercent 5,RangePercent 6; DamagePercent 5,RangePercent 6; DamagePercent 5,Numeric,Offense,Damage at a safer standoff,shared_targeting_bus;shared_range_focusing,Immutable effective run fitting + compatibility + runtime prerequisites + below Max; normal deployment seeds Lv1; source rarity/exposure rules retained,사거리와 공격력을 함께 높여 중거리에서 압박한다.,"Per-level entries; numeric composition follows the effect consumer, not a sum of all percentages.",Sweeper,yes,1,3,30,2,provisional integration recipe,"Lv1 when researched, manufactured, fitted and compatible"
sg_choke_barrel,산탄 압축,Assets/02_Scripts/Config/TraitDefinition/Shotgun/31_sg_choke_barrel.asset,Breacher / Shotgun,Rare,3,SpreadReductionPercent 10,SpreadReductionPercent 12,SpreadReductionPercent 16,Numeric,Control,Tighter shotgun pellet pattern,shared_combat_gyro,Immutable effective run fitting + compatibility + runtime prerequisites + below Max; normal deployment seeds Lv1; source rarity/exposure rules retained,산탄을 좁게 모아 작은 목표에 사격을 집중한다.,"Per-level entries; numeric composition follows the effect consumer, not a sum of all percentages.",Breacher,yes,0,1,20,1,provisional integration recipe,"Lv1 when researched, manufactured, fitted and compatible"
sg_extra_pellet,추가 펠릿,Assets/02_Scripts/Config/TraitDefinition/Shotgun/32_sg_extra_pellet.asset,Breacher / Shotgun,Special,3,ProjectileCountBonus 1,SpreadReductionPercent 4,SpreadReductionPercent 6,Projectile specialization + numeric,Offense,Additional pellet with later pattern control,sg_choke_barrel,Immutable effective run fitting + compatibility + runtime prerequisites + below Max; normal deployment seeds Lv1; source rarity/exposure rules retained,산탄을 추가한다. 이후 강화는 늘어난 산탄의 퍼짐을 정돈한다.,"Per-level entries; numeric composition follows the effect consumer, not a sum of all percentages.",Breacher,yes,0,2,30,2,provisional integration recipe,"Lv1 when researched, manufactured, fitted and compatible"
sg_breaching_drive,돌입 구동계,Assets/02_Scripts/Config/TraitDefinition/Shotgun/33_sg_breaching_drive.asset,Breacher / Shotgun,Rare,3,DashDistanceBonus 0.6; MaxHpBonus 1,DashDistanceBonus 0.6; MaxHpBonus 1,DashDistanceBonus 0.6; MaxHpBonus 1,Numeric,Survival,Durable gap closing,shared_vector_thruster;shared_reinforced_plating,Immutable effective run fitting + compatibility + runtime prerequisites + below Max; normal deployment seeds Lv1; source rarity/exposure rules retained,대쉬 거리와 최대 체력을 늘려 근접 진입을 돕는다.,"Per-level entries; numeric composition follows the effect consumer, not a sum of all percentages.",Breacher,yes,0,3,20,1,provisional integration recipe,"Lv1 when researched, manufactured, fitted and compatible"
sg_close_harvest_burst,근접 수확 파쇄,Assets/02_Scripts/Config/TraitDefinition/Shotgun/34_sg_close_harvest_burst.asset,Breacher / Shotgun,Rare,3,HarvestObjectDamagePercent 12; DamagePercent 4,HarvestObjectDamagePercent 12; DamagePercent 4,HarvestObjectDamagePercent 12; DamagePercent 4,Numeric,Salvage,Shotgun demolition,shared_cutting_ammo;sg_close_quarters_overpressure,Immutable effective run fitting + compatibility + runtime prerequisites + below Max; normal deployment seeds Lv1; source rarity/exposure rules retained,산탄의 잔해 파괴력을 높이고 전투 화력을 보조한다.,"Per-level entries; numeric composition follows the effect consumer, not a sum of all percentages.",Breacher,yes,1,1,30,2,provisional integration recipe,"Lv1 when researched, manufactured, fitted and compatible"
sg_taunt_resonator,도발 공진기,Assets/02_Scripts/Config/TraitDefinition/Shotgun/35_sg_taunt_resonator.asset,Breacher / Shotgun,Special,3,RadarTauntDurationBonus 1; MoveSpeedPercent 3,RadarTauntDurationBonus 1; MoveSpeedPercent 3,RadarTauntDurationBonus 1; MoveSpeedPercent 3,Mechanical + numeric,Tactical,Radar lure with repositioning,shared_radar_amplifier,Immutable effective run fitting + compatibility + runtime prerequisites + below Max; normal deployment seeds Lv1; source rarity/exposure rules retained,레이더 도발을 오래 유지하고 이동을 보조해 적의 동선을 유도한다.,"Per-level entries; numeric composition follows the effect consumer, not a sum of all percentages.",Breacher,yes,1,2,40,3,provisional integration recipe,"Lv1 when researched, manufactured, fitted and compatible"
sg_close_quarters_overpressure,근접 과압,Assets/02_Scripts/Config/TraitDefinition/Shotgun/46_sg_close_quarters_overpressure.asset,Breacher / Shotgun,Special,3,ShotgunCloseRangeDamagePercent 18,ShotgunCloseRangeDamagePercent 18,ShotgunCloseRangeDamagePercent 24,Mechanical + numeric,Signature,Distance-sensitive enemy burst,sg_close_harvest_burst,Immutable effective run fitting + compatibility + runtime prerequisites + below Max; normal deployment seeds Lv1; source rarity/exposure rules retained,적에게 가까이서 맞힐수록 산탄 피해가 증가한다. 잔해에는 적용되지 않는다.,"Per-level entries; numeric composition follows the effect consumer, not a sum of all percentages.",Breacher,yes,3,1,50,4,provisional integration recipe,"Lv1 when researched, manufactured, fitted and compatible"
sn_charge_accelerator,차징 가속,Assets/02_Scripts/Config/TraitDefinition/Sniper/36_sn_charge_accelerator.asset,Lancer / Sniper,Rare,3,ChargeTimeReductionPercent 8,ChargeTimeReductionPercent 10,ChargeTimeReductionPercent 14,Numeric,Offense,Faster charge cadence,sn_semi_auto_laser,Immutable effective run fitting + compatibility + runtime prerequisites + below Max; normal deployment seeds Lv1; source rarity/exposure rules retained,차징 속도를 높여 정밀 사격 사이의 빈틈을 줄인다.,Legacy enum name means charge speed: time divides by (1 + value/100). UI shows the actual per-step time reduction.,Lancer,yes,0,1,20,1,provisional integration recipe,"Lv1 when researched, manufactured, fitted and compatible"
sn_piercing_amplifier,관통 증폭,Assets/02_Scripts/Config/TraitDefinition/Sniper/37_sn_piercing_amplifier.asset,Lancer / Sniper,Rare,2,PierceCountBonus 1,PierceCountBonus 1; RemovePierceDamageFalloff 1,—,Mechanical + numeric,Control,Multi-target pierce and retained damage,sn_high_output_core,Immutable effective run fitting + compatibility + runtime prerequisites + below Max; normal deployment seeds Lv1; source rarity/exposure rules retained,관통을 늘린다. 최대 단계에서는 관통 후 피해 감쇠를 제거한다.,"Per-level entries; numeric composition follows the effect consumer, not a sum of all percentages.",Lancer,yes,0,2,20,1,provisional integration recipe,"Lv1 when researched, manufactured, fitted and compatible"
sn_focus_lens,집중 렌즈,Assets/02_Scripts/Config/TraitDefinition/Sniper/38_sn_focus_lens.asset,Lancer / Sniper,Rare,3,RadarScanRadiusBonus 2; ChargeDamagePercent 8,RadarScanRadiusBonus 2; ChargeDamagePercent 8,RadarScanRadiusBonus 2; ChargeDamagePercent 8,Numeric,Tactical,Scan-assisted charged engagement,shared_radar_amplifier;sn_high_output_core,Immutable effective run fitting + compatibility + runtime prerequisites + below Max; normal deployment seeds Lv1; source rarity/exposure rules retained,넓은 레이더 탐색과 차징 피해로 교전을 준비한다.,"Per-level entries; numeric composition follows the effect consumer, not a sum of all percentages.",Lancer,yes,1,1,30,2,provisional integration recipe,"Lv1 when researched, manufactured, fitted and compatible"
sn_high_output_core,고출력 탄심,Assets/02_Scripts/Config/TraitDefinition/Sniper/39_sn_high_output_core.asset,Lancer / Sniper,Rare,3,ChargeDamagePercent 12,ChargeDamagePercent 15,ChargeDamagePercent 18,Numeric,Offense,Maximum charged-hit output,sn_focus_lens,Immutable effective run fitting + compatibility + runtime prerequisites + below Max; normal deployment seeds Lv1; source rarity/exposure rules retained,차징 피해에 집중한다. 끝까지 강화하면 한 발의 위력이 완성된다.,"Per-level entries; numeric composition follows the effect consumer, not a sum of all percentages.",Lancer,yes,1,2,30,2,provisional integration recipe,"Lv1 when researched, manufactured, fitted and compatible"
sn_stealth_scan,침투 프로토콜,Assets/02_Scripts/Config/TraitDefinition/Sniper/40_sn_stealth_scan.asset,Lancer / Sniper,Special,3,RadarStealthDurationBonus 1,RadarStealthDurationBonus 1,RadarStealthDurationBonus 1,Mechanical + numeric,Tactical,Staged radar cloak and visual infiltration,shared_radar_amplifier,Immutable effective run fitting + compatibility + runtime prerequisites + below Max; normal deployment seeds Lv1; source rarity/exposure rules retained,레이더 은폐와 전술 정보를 얻는다. 강화로 시야 표시와 시각 탐지 지연이 열린다.,Existing controller milestones: Lv1 cloak/awareness; Lv2 vision cones; Lv3 slower visual detection (1.35 multiplier). Duration increments remain +1s each.,Lancer,yes,2,1,30,2,provisional integration recipe,"Lv1 when researched, manufactured, fitted and compatible"
sn_semi_auto_laser,레이저 반복기,Assets/02_Scripts/Config/TraitDefinition/Sniper/44_sn_semi_auto_laser.asset,Lancer / Sniper,Special,3,SniperSemiAutoMode 1,FireRatePercent 6,FireRatePercent 9,Mechanical + numeric,Signature,Tap-fire alternative to charging,sn_charge_accelerator,Immutable effective run fitting + compatibility + runtime prerequisites + below Max; normal deployment seeds Lv1; source rarity/exposure rules retained,짧은 클릭으로 레이저를 발사한다. 이후 강화는 연속 사격을 빠르게 한다.,"Per-level entries; numeric composition follows the effect consumer, not a sum of all percentages.",Lancer,yes,3,1,40,3,provisional integration recipe,"Lv1 when researched, manufactured, fitted and compatible"
mg_terminal_guidance,종말 유도,Assets/02_Scripts/Config/TraitDefinition/MachineGun/47_mg_terminal_guidance.asset,Sweeper / MachineGun,Special,3,MachineGunTerminalGuidance 1,HomingAngleBonus 6; HomingRangeBonus 0.5,HomingAngleBonus 10; HomingRangeBonus 0.75,Mechanical + numeric,Signature,Prerequisite-gated terminal tracking,mg_guidance_control,Immutable effective run fitting + compatibility + runtime prerequisites + below Max; normal deployment seeds Lv1; source rarity/exposure rules retained,유도 제어를 완성한 뒤 종말 추적을 활성화하고 유도 성능을 더 높인다.,"Per-level entries; numeric composition follows the effect consumer, not a sum of all percentages.",Sweeper,yes,3,1,60,5,provisional integration recipe,conditional: acquire after Guidance Lv3
shared_periodic_reflector,반사 방벽,Assets/02_Scripts/Config/TraitDefinition/Common/48_shared_periodic_reflector.asset,Shared,Special,3,PeriodicReflectiveShield 20,PeriodicReflectiveShield 17,PeriodicReflectiveShield 14,Mechanical + numeric,Signature,Reactive bullet reflection window,shared_reinforced_plating,Immutable effective run fitting + compatibility + runtime prerequisites + below Max; normal deployment seeds Lv1; source rarity/exposure rules retained,적 탄환을 만나면 짧게 반사한다. 강화할수록 재충전이 빨라진다.,Recharge is replaced on the same source: 20 -> 17 -> 14 seconds; never summed.,Shared,yes,3,3,60,5,provisional integration recipe,"Lv1 when researched, manufactured, fitted and compatible"
mg_dash_missile_salvo,추격 미사일 사출,Assets/02_Scripts/Config/TraitDefinition/MachineGun/49_mg_dash_missile_salvo.asset,Sweeper / MachineGun,Special,3,MachineGunDashMissileSalvo 1,DamagePercent 4,DamagePercent 6,Mechanical + numeric,Signature,Dash-triggered guided salvo,mg_midrange_pressure,Immutable effective run fitting + compatibility + runtime prerequisites + below Max; normal deployment seeds Lv1; source rarity/exposure rules retained,대쉬 때 추격 미사일을 발사한다. 이후 강화는 미사일과 주포 피해를 높인다.,Damage increments affect both guided missiles and the primary weapon; missile count remains 3.,Sweeper,yes,3,2,50,4,provisional integration recipe,"Lv1 when researched, manufactured, fitted and compatible"
sn_dash_echo_shot,위상 잔상 사격,Assets/02_Scripts/Config/TraitDefinition/Sniper/50_sn_dash_echo_shot.asset,Lancer / Sniper,Special,3,SniperDashEchoShot 1,ChargeDamagePercent 5,ChargeDamagePercent 8,Mechanical + numeric,Signature,Dash-position follow-up shot,sn_high_output_core,Immutable effective run fitting + compatibility + runtime prerequisites + below Max; normal deployment seeds Lv1; source rarity/exposure rules retained,대쉬 위치에서 다음 저격을 복제한다. 이후 강화는 차징 원본과 복제 사격을 보강한다.,Charge damage strengthens the charged original and its 40% echo; no extra echo is spawned per level.,Lancer,yes,3,2,50,4,provisional integration recipe,"Lv1 when researched, manufactured, fitted and compatible"
mg_traverse_servo,횡행 서보,Assets/02_Scripts/Config/TraitDefinition/MachineGun/51_mg_traverse_servo.asset,Sweeper,Common,3,MoveSpeedPercent 3,ProjectileSpeedPercent 8,MoveSpeedPercent 4; ProjectileSpeedPercent 10,Numeric,Mobility,Sidestep while keeping rapid rounds easy to place.,Medium: engine_tuning and projectile-speed legacy items; benefits are modest and paired.,Immutable effective run fitting + compatibility + runtime prerequisites + below Max; normal deployment seeds Lv1; source rarity/exposure rules retained,이동과 탄도 응답을 보조해 사격 위치를 바꾸기 쉽게 합니다.,"Per-level entries; numeric composition follows the effect consumer, not a sum of all percentages.",Sweeper,yes,0,1,10,0,provisional tier formula; not final economy,"Lv1 when researched, manufactured, fitted and compatible"
mg_heat_exchanger,열교환 급탄기,Assets/02_Scripts/Config/TraitDefinition/MachineGun/52_mg_heat_exchanger.asset,Sweeper,Rare,3,MachineGunCoolingRatePercent 20,MachineGunCoolingDelayReduction 0.05,MachineGunCoolingRatePercent 30; MachineGunCoolingDelayReduction 0.05,Mechanic,Control,Use short firing pauses to recover sustained pressure.,Avoid turning Max into infinite firing or immunity to overheat.,Immutable effective run fitting + compatibility + runtime prerequisites + below Max; normal deployment seeds Lv1; source rarity/exposure rules retained,방아쇠를 놓은 틈에 열을 빠르게 배출해 다음 교전에 대비합니다.,"Per-level entries; numeric composition follows the effect consumer, not a sum of all percentages.",Sweeper,yes,2,1,40,3,provisional tier formula; not final economy,"Lv1 when researched, manufactured, fitted and compatible"
mg_line_penetrator,관통 급탄기,Assets/02_Scripts/Config/TraitDefinition/MachineGun/53_mg_line_penetrator.asset,Sweeper,Rare,3,PierceCountBonus 1,ProjectileSpeedPercent 10,ProjectileSpeedPercent 12; RangePercent 5,Numeric,Control,Pressure aligned targets through the first contact.,Lancer retains deeper pierce/falloff removal; no falloff-removal effect here.,Immutable effective run fitting + compatibility + runtime prerequisites + below Max; normal deployment seeds Lv1; source rarity/exposure rules retained,일렬로 겹친 적을 관통하며 사격선을 유지합니다.,"Per-level entries; numeric composition follows the effect consumer, not a sum of all percentages.",Sweeper,yes,2,2,40,3,provisional tier formula; not final economy,"Lv1 when researched, manufactured, fitted and compatible"
mg_target_distributor,표적 분배기,Assets/02_Scripts/Config/TraitDefinition/MachineGun/54_mg_target_distributor.asset,Sweeper,Special,3,MachineGunTargetDistribution 1,MachineGunTargetDistribution 1,MachineGunTargetDistribution 1,Mechanic,Control,Spread manually aimed fire across a small enemy cluster.,High: aim assistance and homing overlap; tightly bound to the player aim cone and line of sight.,Immutable effective run fitting + compatibility + runtime prerequisites + below Max; normal deployment seeds Lv1; source rarity/exposure rules retained,조준선 근처의 적으로 사격을 분산합니다. 최근 표적은 잠시 제외합니다.,"Per-level entries; numeric composition follows the effect consumer, not a sum of all percentages.",Sweeper,yes,2,3,50,4,provisional tier formula; not final economy,"Lv1 when researched, manufactured, fitted and compatible"
mg_twin_feed,병렬 급탄기,Assets/02_Scripts/Config/TraitDefinition/MachineGun/55_mg_twin_feed.asset,Sweeper,Special,3,MachineGunTwinFeed 1,MachineGunTwinFeed 1,MachineGunTwinFeed 1,Mechanic,Signature,Sustained fire develops a periodic rapid paired-feed rhythm.,Heat and output tuning risk; does not use an always-on projectile-count bonus.,Immutable effective run fitting + compatibility + runtime prerequisites + below Max; normal deployment seeds Lv1; source rarity/exposure rules retained,연속 사격 중 급탄을 안정시킵니다. 최대 단계에서는 주기적으로 빠른 후속탄을 발사합니다.,"Per-level entries; numeric composition follows the effect consumer, not a sum of all percentages.",Sweeper,yes,3,3,60,5,provisional tier formula; not final economy,"Lv1 when researched, manufactured, fitted and compatible"
sg_cycle_actuator,순환 구동기,Assets/02_Scripts/Config/TraitDefinition/Shotgun/56_sg_cycle_actuator.asset,Breacher,Common,3,FireRatePercent 5,FireRatePercent 7,FireRatePercent 10,Numeric,Offense,Recover between deliberate shotgun blasts sooner.,"Medium: breach_sequencer is a dash-gated single opportunity, not permanent cadence.",Immutable effective run fitting + compatibility + runtime prerequisites + below Max; normal deployment seeds Lv1; source rarity/exposure rules retained,다음 산탄 사격을 빠르게 준비해 짧은 교전 틈을 줄입니다.,"Per-level entries; numeric composition follows the effect consumer, not a sum of all percentages.",Breacher,yes,1,3,20,1,provisional tier formula; not final economy,"Lv1 when researched, manufactured, fitted and compatible"
sg_pellet_penetrator,관통 산탄,Assets/02_Scripts/Config/TraitDefinition/Shotgun/57_sg_pellet_penetrator.asset,Breacher,Rare,3,PierceCountBonus 1,ProjectileSpeedPercent 8,ProjectileSpeedPercent 12,Numeric,Control,Push a cone of pellets through a shallow crowd.,Medium: MG lane penetration and Lancer deep pierce are different weapon geometries; limit pellet proliferation.,Immutable effective run fitting + compatibility + runtime prerequisites + below Max; normal deployment seeds Lv1; source rarity/exposure rules retained,산탄이 전열을 관통해 뒤의 적까지 압박합니다.,"Per-level entries; numeric composition follows the effect consumer, not a sum of all percentages.",Breacher,yes,2,1,40,3,provisional tier formula; not final economy,"Lv1 when researched, manufactured, fitted and compatible"
sg_impact_ejector,충격 배출기,Assets/02_Scripts/Config/TraitDefinition/Shotgun/58_sg_impact_ejector.asset,Breacher,Rare,3,ShotgunImpactDisplacement 0.35,ShotgunImpactDisplacement 0.2,ShotgunImpactDisplacement 0.25,Mechanic,Control,A well-placed central pellet opens a small gap.,Medium: existing dash pushes nearby targets; this is a precise shot result and can push targets out of Overpressure range.,Immutable effective run fitting + compatibility + runtime prerequisites + below Max; normal deployment seeds Lv1; source rarity/exposure rules retained,중앙 탄의 첫 유효 명중으로 밀어낼 수 있는 적을 짧게 밀어냅니다.,"Per-level entries; numeric composition follows the effect consumer, not a sum of all percentages.",Breacher,yes,2,2,40,3,provisional tier formula; not final economy,"Lv1 when researched, manufactured, fitted and compatible"
sg_breach_compensator,돌입 보정기,Assets/02_Scripts/Config/TraitDefinition/Shotgun/59_sg_breach_compensator.asset,Breacher,Rare,3,DashDamageReductionPercent 10,DashDamageReductionPercent 5,DashDamageReductionPercent 5,Mechanic,Survival,Remain less exposed just after a committed dash ends.,Shared plating is capacity; this is a conditional damage rule. Existing dash invulnerability is not extended.,Immutable effective run fitting + compatibility + runtime prerequisites + below Max; normal deployment seeds Lv1; source rarity/exposure rules retained,산탄총 대쉬 직후 잠시 피격을 완화해 돌입을 보조합니다.,"Per-level entries; numeric composition follows the effect consumer, not a sum of all percentages.",Breacher,yes,2,3,40,3,provisional tier formula; not final economy,"Lv1 when researched, manufactured, fitted and compatible"
sg_slug_coupler,단일탄 결합기,Assets/02_Scripts/Config/TraitDefinition/Shotgun/60_sg_slug_coupler.asset,Breacher,Special,3,ShotgunSlugCoupler 1,ShotgunSlugCoupler 1,ShotgunSlugCoupler 1,Mechanic,Signature,Put a readable penetrating center into the shotgun pattern.,High: do not replace Lancer long-range charge identity or multiply the already combined damage twice.,Immutable effective run fitting + compatibility + runtime prerequisites + below Max; normal deployment seeds Lv1; source rarity/exposure rules retained,산탄 두 발을 중앙 단일탄으로 결합합니다. 남은 산탄은 그대로 발사합니다.,"Per-level entries; numeric composition follows the effect consumer, not a sum of all percentages.",Breacher,yes,3,2,60,5,provisional tier formula; not final economy,"Lv1 when researched, manufactured, fitted and compatible"
sg_breach_sequencer,돌입 시퀀서,Assets/02_Scripts/Config/TraitDefinition/Shotgun/61_sg_breach_sequencer.asset,Breacher,Special,3,ShotgunBreachSequence 1,ShotgunBreachSequence 1,ShotgunBreachSequence 1,Mechanic,Signature,Use a dash to set up a deliberate two-blast breach.,Medium-high cadence overlap: strong but conditional; no unlimited zero-interval loop.,Immutable effective run fitting + compatibility + runtime prerequisites + below Max; normal deployment seeds Lv1; source rarity/exposure rules retained,대쉬 후 첫 사격의 회복을 줄여 다음 사격을 빠르게 이어갑니다.,"Per-level entries; numeric composition follows the effect consumer, not a sum of all percentages.",Breacher,yes,3,3,60,5,provisional tier formula; not final economy,"Lv1 when researched, manufactured, fitted and compatible"
sn_ballistic_alignment,탄도 정렬기,Assets/02_Scripts/Config/TraitDefinition/Sniper/62_sn_ballistic_alignment.asset,Lancer,Common,3,ProjectileSpeedPercent 8,RangePercent 8,ProjectileSpeedPercent 10; RangePercent 10,Numeric,Control,"Place deliberate shots along longer, faster lanes.","Medium: identical primitives to legacy Shared longshot_stabilizer; retained legacy is an alternate, not deleted.",Immutable effective run fitting + compatibility + runtime prerequisites + below Max; normal deployment seeds Lv1; source rarity/exposure rules retained,탄속과 사거리를 보완해 먼 사격선을 다루기 쉽게 합니다.,"Per-level entries; numeric composition follows the effect consumer, not a sum of all percentages.",Lancer,yes,0,3,10,0,provisional tier formula; not final economy,"Lv1 when researched, manufactured, fitted and compatible"
sn_mobile_charge_coupler,기동 차징기,Assets/02_Scripts/Config/TraitDefinition/Sniper/63_sn_mobile_charge_coupler.asset,Lancer,Rare,3,SniperMovingChargeBonus 10,SniperMovingChargeBonus 10,SniperMovingChargeBonus 20,Mechanic,Mobility,Reposition while building the next deliberate shot.,No new ability to move while charging: the current weapon already allows it.,Immutable effective run fitting + compatibility + runtime prerequisites + below Max; normal deployment seeds Lv1; source rarity/exposure rules retained,이동 중 차징 손실을 줄여 재배치하면서 사격을 준비합니다.,"Per-level entries; numeric composition follows the effect consumer, not a sum of all percentages.",Lancer,yes,1,3,30,2,provisional tier formula; not final economy,"Lv1 when researched, manufactured, fitted and compatible"
sn_charge_aperture,차징 확장기,Assets/02_Scripts/Config/TraitDefinition/Sniper/64_sn_charge_aperture.asset,Lancer,Rare,3,ChargedProjectileSizePercent 15,ChargedProjectileSizePercent 10,ChargedProjectileSizePercent 15,Mechanic,Control,Make a charged lane more forgiving without multiplying shots.,"High readability/collision risk: no damage/range bonus, wall bypass, splash or enlarged enemy hitboxes.",Immutable effective run fitting + compatibility + runtime prerequisites + below Max; normal deployment seeds Lv1; source rarity/exposure rules retained,차징할수록 탄의 폭을 넓혀 정밀 사격의 명중 여유를 확보합니다.,"Per-level entries; numeric composition follows the effect consumer, not a sum of all percentages.",Lancer,yes,2,2,40,3,provisional tier formula; not final economy,"Lv1 when researched, manufactured, fitted and compatible"
sn_anchor_optics,정위 조준경,Assets/02_Scripts/Config/TraitDefinition/Sniper/65_sn_anchor_optics.asset,Lancer,Rare,3,ChargeSightBonusPercent 10,ChargeSightBonusPercent 10,ChargeSightBonusPercent 15,Mechanic,Tactical,See farther along the aim direction when setting up a stationary charge.,Medium: Focus Lens is radar coverage/damage; this affects only the existing charging camera assist.,Immutable effective run fitting + compatibility + runtime prerequisites + below Max; normal deployment seeds Lv1; source rarity/exposure rules retained,차징 중 조준 방향의 카메라 시야를 확장합니다. 탐지 범위는 바뀌지 않습니다.,"Per-level entries; numeric composition follows the effect consumer, not a sum of all percentages.",Lancer,yes,2,3,40,3,provisional tier formula; not final economy,"Lv1 when researched, manufactured, fitted and compatible"
sn_reserve_capacitor,잔류 축전기,Assets/02_Scripts/Config/TraitDefinition/Sniper/66_sn_reserve_capacitor.asset,Lancer,Special,3,SniperReserveCapacitor 10,SniperReserveCapacitor 5,SniperReserveCapacitor 10,Mechanic,Signature,A fully charged shot leaves a limited head start for one follow-up.,High: can compound with charge speed; bound below full charge and never re-arm from the assisted follow-up.,Immutable effective run fitting + compatibility + runtime prerequisites + below Max; normal deployment seeds Lv1; source rarity/exposure rules retained,완충 사격 후 잠시 다음 차징의 일부를 보존합니다. 보조받은 사격은 예비량을 다시 만들지 않습니다.,"Per-level entries; numeric composition follows the effect consumer, not a sum of all percentages.",Lancer,yes,3,3,60,5,provisional tier formula; not final economy,"Lv1 when researched, manufactured, fitted and compatible"
