ArchiveEntry,ExtractedPath,Bytes,SHA256,DurationSeconds,Codec,SampleRate,Channels,Classification,SelectedOrExistingPath,Inspection,Notes
02_UI_모음집1_분할/ui_click_digital_01.wav,06_Audio/ImportedSource/SoundZip~/02_UI_모음집1_분할/ui_click_digital_01.wav,175782,d2d5592dda09eccf04cc715f78bed5f9bccc1e61a69002e610109f474eb77e8e,0.61,pcm_s24le,48000,2,UI/pickup candidate - unassigned,,Metadata/source provenance; not auditioned,Existing authored clips preferred; candidate needs user audition before final binding.
02_UI_모음집1_분할/ui_click_digital_02.wav,06_Audio/ImportedSource/SoundZip~/02_UI_모음집1_분할/ui_click_digital_02.wav,221862,2ed1bc90efdeff6d2f6c6afa59be6a2db3c79d470e0c455467ae3efcbd67e027,0.77,pcm_s24le,48000,2,UI/pickup candidate - unassigned,,Metadata/source provenance; not auditioned,Existing authored clips preferred; candidate needs user audition before final binding.
02_UI_모음집1_분할/ui_click_sharp_01.wav,06_Audio/ImportedSource/SoundZip~/02_UI_모음집1_분할/ui_click_sharp_01.wav,82182,9efdee306d8de11295e73f702fff24f9b90d2046c9223050275e9b6d5c5a9e2c,0.285,pcm_s24le,48000,2,UI/pickup candidate - unassigned,,Metadata/source provenance; not auditioned,Existing authored clips preferred; candidate needs user audition before final binding.
02_UI_모음집1_분할/ui_confirm_bright_01.wav,06_Audio/ImportedSource/SoundZip~/02_UI_모음집1_분할/ui_confirm_bright_01.wav,155622,7495d6a3a39e248500ad9ab9288a6a5e490748b2c1f221d879ea70d3f70e75c4,0.54,pcm_s24le,48000,2,UI/pickup candidate - unassigned,,Metadata/source provenance; not auditioned,Existing authored clips preferred; candidate needs user audition before final binding.
02_UI_모음집1_분할/ui_execute_impact_01.wav,06_Audio/ImportedSource/SoundZip~/02_UI_모음집1_분할/ui_execute_impact_01.wav,299622,9e77a238f855fcb3a9a2df14c562439bbc66a706c24979eccb0b46fd35b4a666,1.04,pcm_s24le,48000,2,UI/pickup candidate - unassigned,,Metadata/source provenance; not auditioned,Existing authored clips preferred; candidate needs user audition before final binding.
02_UI_모음집1_분할/ui_hover_low_01.wav,06_Audio/ImportedSource/SoundZip~/02_UI_모음집1_분할/ui_hover_low_01.wav,213222,33a06c1c6da19fd326877e973fdd0d2672e10bd1944a2401f6dd9926c4952bec,0.74,pcm_s24le,48000,2,UI/pickup candidate - unassigned,,Metadata/source provenance; not auditioned,Existing authored clips preferred; candidate needs user audition before final binding.
02_UI_모음집1_분할/ui_hover_soft_01.wav,06_Audio/ImportedSource/SoundZip~/02_UI_모음집1_분할/ui_hover_soft_01.wav,135462,e9bec8c38b148a289bb993550c7ae7379028ef8dcf9da1f2e1e94b367e7e988e,0.47,pcm_s24le,48000,2,UI/pickup candidate - unassigned,,Metadata/source provenance; not auditioned,Existing authored clips preferred; candidate needs user audition before final binding.
02_UI_모음집1_분할/ui_panel_close_sweep_01.wav,06_Audio/ImportedSource/SoundZip~/02_UI_모음집1_분할/ui_panel_close_sweep_01.wav,472422,dee9db146b77de33aa2dbae1ef9520255b7ac822806ac6a09e9c5b57ca5a533a,1.64,pcm_s24le,48000,2,UI/pickup candidate - unassigned,,Metadata/source provenance; not auditioned,Existing authored clips preferred; candidate needs user audition before final binding.
02_UI_모음집1_분할/ui_panel_open_sweep_01.wav,06_Audio/ImportedSource/SoundZip~/02_UI_모음집1_분할/ui_panel_open_sweep_01.wav,892902,d8822d943efd639db9fe4871423b8b904f1ec7296ec86616ee56858e07f98f5a,3.1,pcm_s24le,48000,2,UI/pickup candidate - unassigned,,Metadata/source provenance; not auditioned,Existing authored clips preferred; candidate needs user audition before final binding.
02_UI_모음집1_분할/ui_tick_low_01.wav,06_Audio/ImportedSource/SoundZip~/02_UI_모음집1_분할/ui_tick_low_01.wav,129702,a900b7cf8c8944bba98ca3033e4d69516fd1a135e6788121d1d04cb5a8b8743d,0.45,pcm_s24le,48000,2,UI/pickup candidate - unassigned,,Metadata/source provenance; not auditioned,Existing authored clips preferred; candidate needs user audition before final binding.
02_UI_모음집1_분할/ui_tick_soft_01.wav,06_Audio/ImportedSource/SoundZip~/02_UI_모음집1_분할/ui_tick_soft_01.wav,158502,67fa469862ed00dc44436870e73379d5fb4fd1e632f6678e9003a920ae75175d,0.55,pcm_s24le,48000,2,UI/pickup candidate - unassigned,,Metadata/source provenance; not auditioned,Existing authored clips preferred; candidate needs user audition before final binding.
02_UI_모음집1_분할/ui_toggle_01.wav,06_Audio/ImportedSource/SoundZip~/02_UI_모음집1_분할/ui_toggle_01.wav,193062,71ac58e9aa549ba34a407a49eb81cb5bc3a3c7f9664c02680413c2c14de33809,0.67,pcm_s24le,48000,2,UI/pickup candidate - unassigned,,Metadata/source provenance; not auditioned,Existing authored clips preferred; candidate needs user audition before final binding.
04_Credit_모음집3_분할/pickup_credit_01.wav,06_Audio/ImportedSource/SoundZip~/04_Credit_모음집3_분할/pickup_credit_01.wav,158856,5152275d90f223fa8e40919e4daa479ce2c815172882f31cdc2ee9ff28d6182f,0.599977,pcm_s24le,44100,2,UI/pickup candidate - unassigned,,Metadata/source provenance; not auditioned,Existing authored clips preferred; candidate needs user audition before final binding.
04_Credit_모음집3_분할/pickup_credit_02.wav,06_Audio/ImportedSource/SoundZip~/04_Credit_모음집3_분할/pickup_credit_02.wav,174732,75b3ca684a2e60e03255e382b4e617622314714711979432157f64eab7e59a25,0.659977,pcm_s24le,44100,2,UI/pickup candidate - unassigned,,Metadata/source provenance; not auditioned,Existing authored clips preferred; candidate needs user audition before final binding.
04_Credit_모음집3_분할/pickup_credit_03.wav,06_Audio/ImportedSource/SoundZip~/04_Credit_모음집3_분할/pickup_credit_03.wav,177378,8a8e7742253a9895fdeea67bcac4f626b66e4755a896185466a5f296679f362c,0.669977,pcm_s24le,44100,2,UI/pickup candidate - unassigned,,Metadata/source provenance; not auditioned,Existing authored clips preferred; candidate needs user audition before final binding.
04_Credit_모음집3_분할/pickup_credit_04.wav,06_Audio/ImportedSource/SoundZip~/04_Credit_모음집3_분할/pickup_credit_04.wav,182670,ba4ca2c4b5d206c5004f235b9ede22d133b9d7489392fe31ad7fce00834fbc3a,0.689977,pcm_s24le,44100,2,UI/pickup candidate - unassigned,,Metadata/source provenance; not auditioned,Existing authored clips preferred; candidate needs user audition before final binding.
04_Credit_모음집3_분할/pickup_credit_05.wav,06_Audio/ImportedSource/SoundZip~/04_Credit_모음집3_분할/pickup_credit_05.wav,157530,3d720f65a29b2bc9641bfaebe8de31c504e5a40d59fa8ef7631061c205521655,0.594966,pcm_s24le,44100,2,UI/pickup candidate - unassigned,,Metadata/source provenance; not auditioned,Existing authored clips preferred; candidate needs user audition before final binding.
04_Credit_모음집3_분할/pickup_credit_06.wav,06_Audio/ImportedSource/SoundZip~/04_Credit_모음집3_분할/pickup_credit_06.wav,174732,89acfe164725b78866279699eeef79e433b04353abf7ea64387b8921907cc4d8,0.659977,pcm_s24le,44100,2,UI/pickup candidate - unassigned,,Metadata/source provenance; not auditioned,Existing authored clips preferred; candidate needs user audition before final binding.
bgm_combat_loop.flac,06_Audio/ImportedSource/SoundZip~/bgm_combat_loop.flac,3561850,400af7e1040708a84d50b7517cc8171bf70f29cd23571b6d00d01e566f35a6d4,33.936009,flac,44100,2,Already present in project - no duplicate selected,06_Audio/BGM/fight.flac,Metadata/source provenance; not auditioned,
bgm_main_menu_loop.wav,06_Audio/ImportedSource/SoundZip~/bgm_main_menu_loop.wav,11641526,9e03f7f7ff23a245f521827b0c09baed58c8384ff7b4d3e2e95587512435a6ae,40.421063,pcm_s24le,48000,2,Already present in project - no duplicate selected,06_Audio/BGM/main_loop.wav,Metadata/source provenance; not auditioned,
bgm_shop_loop.flac,06_Audio/ImportedSource/SoundZip~/bgm_shop_loop.flac,3193400,4115f253086edb5d1305fe503f9505e63a823d8facb1101e99c88afc4c2f8c1d,30.843039,flac,44100,2,Music - out of scope,,Metadata/source provenance; not auditioned,Not used as Settlement ambience; BGM unchanged.
bgm_tutorial_loop.wav,06_Audio/ImportedSource/SoundZip~/bgm_tutorial_loop.wav,4839222,cccc16202e6e573c78f30e6d255dfe8a5d8f2a59c71dc002529f22bc6d3f9edc,27.428571,pcm_s16le,44100,2,Already present in project - no duplicate selected,06_Audio/BGM/tutri.wav,Metadata/source provenance; not auditioned,
boss_charge_warning.wav,06_Audio/ImportedSource/SoundZip~/boss_charge_warning.wav,277048,a88b2b2a28693ce3b3dc825ddbbfb4d0f5dfc369775679b28e61e3cf4370d8ba,1.56737,pcm_s16le,44100,2,Combat/presentation candidate - unassigned,,Metadata/source provenance; not auditioned,Existing combat/dash/text presentation unchanged; requires user audition before future use.
boss_impact_heavy.wav,06_Audio/ImportedSource/SoundZip~/boss_impact_heavy.wav,3901524,ee1fd66ef27ea1a9c557848918aec67637ab5a35d31fa5dccec507e607c230ab,5.08,pcm_f32le,96000,2,Combat/presentation candidate - unassigned,,Metadata/source provenance; not auditioned,Existing combat/dash/text presentation unchanged; requires user audition before future use.
boss_laser_charge_shot.flac,06_Audio/ImportedSource/SoundZip~/boss_laser_charge_shot.flac,140012,6d5b01290152eb417898e1f998f758c4e5eaa73ef134d89f2065daeb989f2563,2.333333,flac,48000,2,Combat/presentation candidate - unassigned,,Metadata/source provenance; not auditioned,Existing combat/dash/text presentation unchanged; requires user audition before future use.
boss_laser_sweep_mechanical.wav,06_Audio/ImportedSource/SoundZip~/boss_laser_sweep_mechanical.wav,3228786,4d0f6538c512b37f2efb6ff39d50d2837580315335f4c999dbb2fc31780055a3,9.149932,pcm_s32le,44100,2,Combat/presentation candidate - unassigned,,Metadata/source provenance; not auditioned,Existing combat/dash/text presentation unchanged; requires user audition before future use.
boss_phase_riser_hit.wav,06_Audio/ImportedSource/SoundZip~/boss_phase_riser_hit.wav,2666580,b0555a1ec2cfa28c56b8f6eab0c4b922451af06710774d2b570497c36beca039,3.472,pcm_f32le,96000,2,Combat/presentation candidate - unassigned,,Metadata/source provenance; not auditioned,Existing combat/dash/text presentation unchanged; requires user audition before future use.
boss_phase_riser_long.wav,06_Audio/ImportedSource/SoundZip~/boss_phase_riser_long.wav,7894420,374acab0bd86a099e5cd68c85f04e93b28cb4f46cdb157fbfab6a3f585d624db,10.279083,pcm_f32le,96000,2,Combat/presentation candidate - unassigned,,Metadata/source provenance; not auditioned,Existing combat/dash/text presentation unchanged; requires user audition before future use.
curse_alien_glitch.wav,06_Audio/ImportedSource/SoundZip~/curse_alien_glitch.wav,332626,05c89891e871c8025b0bf0d64fd2d55b553d9a59025f8d55ef0afa0e30652058,1.884626,pcm_s16le,44100,2,Combat/presentation candidate - unassigned,,Metadata/source provenance; not auditioned,Existing combat/dash/text presentation unchanged; requires user audition before future use.
curse_text_tick.wav,06_Audio/ImportedSource/SoundZip~/curse_text_tick.wav,1556,8ead2d798186e81e2726507b28e870fac9a664ad68f326c45c4078f426b9eb5a,0.012494,pcm_s16le,44100,1,Already present in project - no duplicate selected,06_Audio/SFX/Talk/Curse_txt.wav,Metadata/source provenance; not auditioned,
debris_heavy_clunk.wav,06_Audio/ImportedSource/SoundZip~/debris_heavy_clunk.wav,16230,9545e65bb290b554c25d2122cd7e677524f65c96d05efb35b21fe40bda466075,0.050521,pcm_s24le,96000,1,Combat/presentation candidate - unassigned,,Metadata/source provenance; not auditioned,Existing combat/dash/text presentation unchanged; requires user audition before future use.
debris_small_click.wav,06_Audio/ImportedSource/SoundZip~/debris_small_click.wav,16976,f15de451f263a78120beabc6a02638c4415a1affcfd40fb0ab0893c184e30fdf,0.053094,pcm_s24le,96000,1,Combat/presentation candidate - unassigned,,Metadata/source provenance; not auditioned,Existing combat/dash/text presentation unchanged; requires user audition before future use.
dialogue_text_tick.wav,06_Audio/ImportedSource/SoundZip~/dialogue_text_tick.wav,2836,e0d091e30646c161f58a1c4cbdfc4e15b65d1c8a0951026440eaac2421c418b4,0.029083,pcm_s16le,48000,1,Already present in project - no duplicate selected,06_Audio/SFX/Talk/test_talk-sfx.wav,Metadata/source provenance; not auditioned,
dialogue_text_tick_low.wav,06_Audio/ImportedSource/SoundZip~/dialogue_text_tick_low.wav,21026,2ec89a67ff93f4ade3ddddf20e7d5ff3396ab8349e727dcdddebaf2a9973073d,0.067073,pcm_s24le,96000,1,Combat/presentation candidate - unassigned,,Metadata/source provenance; not auditioned,Existing combat/dash/text presentation unchanged; requires user audition before future use.
event_curse_ambient_stinger.wav,06_Audio/ImportedSource/SoundZip~/event_curse_ambient_stinger.wav,4466610,19ba4fdf7a480c1a6e842e29f0c34b3ed856cd2795ad0bfb880f658577ca390a,15.506667,pcm_s24le,48000,2,Combat/presentation candidate - unassigned,,Metadata/source provenance; not auditioned,Existing combat/dash/text presentation unchanged; requires user audition before future use.
event_signal_activate.mp3,06_Audio/ImportedSource/SoundZip~/event_signal_activate.mp3,64199,6b050faa2c5a9537cb4124831bb4b17e1ad666fd8f240565ce8c66a5a4438db1,0.866033,mp3,44100,2,Ambiguous - unassigned,,Metadata/source provenance; not auditioned,Audition before any mission/relay/communication assignment; source name is generic or duration unsuitable.
event_transition_woosh.wav,06_Audio/ImportedSource/SoundZip~/event_transition_woosh.wav,3038286,a1bd6d50d031b8cf41fc0aa5d57907cf1956d3ab54056a8403b7224695702474,5.274656,pcm_s24le,96000,2,UI/pickup candidate - unassigned,,Metadata/source provenance; not auditioned,Existing authored clips preferred; candidate needs user audition before final binding.
event_tutorial_anomaly.wav,06_Audio/ImportedSource/SoundZip~/event_tutorial_anomaly.wav,5821936,92d1c9ccdc109788a92575bbe8294f3e442f3d9fe35f3f28247bc671832ad839,22.0,pcm_s24le,44100,2,Ambiguous - unassigned,,Metadata/source provenance; not auditioned,Audition before any mission/relay/communication assignment; source name is generic or duration unsuitable.
Matal/metal_hit.wav,06_Audio/ImportedSource/SoundZip~/Matal/metal_hit.wav,832056,b0380fef6339d3e51c14664e6d7e29728e9a5d6f0adf320e75ab074eb48b84dc,4.714399,pcm_s16le,44100,2,Combat/presentation candidate - unassigned,,Metadata/source provenance; not auditioned,Existing combat/dash/text presentation unchanged; requires user audition before future use.
pickup_tuning_chip.wav,06_Audio/ImportedSource/SoundZip~/pickup_tuning_chip.wav,465020,a587b36e2d4d03a0d0028346f97fecbda8862df9337a702c8e0b8c74a7346003,1.317438,pcm_f32le,44100,2,Ambiguous - unassigned,,Metadata/source provenance; not auditioned,Byte-identical to nested eating_chip.wav; filename is not evidence of an electronic pickup.
Player/dash.wav,06_Audio/ImportedSource/SoundZip~/Player/dash.wav,182292,ccc00d77b26897f17755125d3fbf02a2cbf005dbb0bc7a456d2388758cc9de24,1.032358,pcm_s16le,44100,2,Combat/presentation candidate - unassigned,,Metadata/source provenance; not auditioned,Existing combat/dash/text presentation unchanged; requires user audition before future use.
Player/dash2.wav,06_Audio/ImportedSource/SoundZip~/Player/dash2.wav,109418,0f318d48f849425f44145813e4fad9da0d2475bfefd1594ae1fe36f72ab11f24,0.61941,pcm_s16le,44100,2,Combat/presentation candidate - unassigned,,Metadata/source provenance; not auditioned,Existing combat/dash/text presentation unchanged; requires user audition before future use.
Player/Hit/big_hit.wav,06_Audio/ImportedSource/SoundZip~/Player/Hit/big_hit.wav,10188,089f2908f60be60388b5755195d0f228aa3538431f98bcabedde9272b32889ac,0.115011,pcm_s16le,44100,1,Combat/presentation candidate - unassigned,,Metadata/source provenance; not auditioned,Existing combat/dash/text presentation unchanged; requires user audition before future use.
Player/Hit/hit.wav,06_Audio/ImportedSource/SoundZip~/Player/Hit/hit.wav,19814,7014b9a9a3757a82bb5609d44ecbcefc07cd7c4d2e58217959547a7239d27617,0.22415,pcm_s16le,44100,1,Combat/presentation candidate - unassigned,,Metadata/source provenance; not auditioned,Existing combat/dash/text presentation unchanged; requires user audition before future use.
Player/LaserShoot_0.wav,06_Audio/ImportedSource/SoundZip~/Player/LaserShoot_0.wav,133456,b610d9c4491b240797d900221e9419fb919695eebfd2ef091653582ddcf12eae,0.488889,pcm_s24le,44100,2,Combat/presentation candidate - unassigned,,Metadata/source provenance; not auditioned,Existing combat/dash/text presentation unchanged; requires user audition before future use.
Player/LaserShoot_1.wav,06_Audio/ImportedSource/SoundZip~/Player/LaserShoot_1.wav,169468,6cad66ee84d7bf0cb6d2a9df8c3d354f69473a2f6af36e2d993d0217c0f2d76b,0.624989,pcm_s24le,44100,2,Combat/presentation candidate - unassigned,,Metadata/source provenance; not auditioned,Existing combat/dash/text presentation unchanged; requires user audition before future use.
Player/LaserShoot_2.wav,06_Audio/ImportedSource/SoundZip~/Player/LaserShoot_2.wav,202546,d0caab85afb3ccaeb51fa2115988ba379abefc1313dca36e1f3f68dc08ddf73b,0.75,pcm_s24le,44100,2,Combat/presentation candidate - unassigned,,Metadata/source provenance; not auditioned,Existing combat/dash/text presentation unchanged; requires user audition before future use.
Player/LaserShoot_3.wav,06_Audio/ImportedSource/SoundZip~/Player/LaserShoot_3.wav,202546,a688b820313218b61fa0066519ed53995cb5855f56271030f1c0527b87e355b1,0.75,pcm_s24le,44100,2,Combat/presentation candidate - unassigned,,Metadata/source provenance; not auditioned,Existing combat/dash/text presentation unchanged; requires user audition before future use.
player_dash_heavy.wav,06_Audio/ImportedSource/SoundZip~/player_dash_heavy.wav,105524,9d8cad344c4a653fd58c356db1770d5cb4fad725577b5f7808e9fce12a02fa24,0.597959,pcm_s16le,44100,2,Already present in project - no duplicate selected,06_Audio/SFX/Player/dash.wav,Metadata/source provenance; not auditioned,
player_dash_light.wav,06_Audio/ImportedSource/SoundZip~/player_dash_light.wav,51330,e21faf31ed6e61ef2b14acfd3cf441cb779c14759bed7c76479a481cff3d5e2a,0.16,pcm_s24le,48000,2,Already present in project - no duplicate selected,06_Audio/SFX/Player/dash (2).wav,Metadata/source provenance; not auditioned,
Rock/Rock_Impact.wav,06_Audio/ImportedSource/SoundZip~/Compilations/모음집5.wav,8881928,75bc1cdaecb968f50bb3d043da33d20f8890574fe8b0ac7b1908491648383b52,23.094583,pcm_f32le,48000,2,Compilation - manual cutting required,,Metadata/source provenance; not auditioned,Keep separate; manually cut and audition in Cakewalk Sonar. Never bind the whole file.
Rock/ui.mp3 - 바로 가기.lnk,06_Audio/ImportedSource/SoundZip~/Rock/ui.mp3 - 바로 가기.lnk,1293,f82d2fc34990b0c2ecea7e7e347e8650fc62c55922ffc421fd72cadb10da52de,,,,,Non-audio - unused,,Metadata/source provenance; not auditioned,Not executed.
settlement_text_tick.wav,06_Audio/ImportedSource/SoundZip~/settlement_text_tick.wav,5932,583032df5938f9a1ca2477e7e11cb3c508a377c7d828e1d19e27bd39b797ab59,0.066757,pcm_s16le,44100,1,Already present in project - no duplicate selected,06_Audio/SFX/Talk/Settlement_txt.wav,Metadata/source provenance; not auditioned,
sfx_glitch_hit.mp3,06_Audio/ImportedSource/SoundZip~/sfx_glitch_hit.mp3,37533,1bdf256086bcadaec89b331433840826001c3b38216f795657e4eb91e56fb2f2,1.67185,mp3,44100,2,Combat/presentation candidate - unassigned,,Metadata/source provenance; not auditioned,Existing combat/dash/text presentation unchanged; requires user audition before future use.
system_shutdown.wav,06_Audio/ImportedSource/SoundZip~/system_shutdown.wav,277268,4d239443f74a3d27c7dfd4727aeb6f807bbfb7b7e6b54c7e21515110d5214f05,1.571565,pcm_s16le,44100,2,Combat/presentation candidate - unassigned,,Metadata/source provenance; not auditioned,Existing combat/dash/text presentation unchanged; requires user audition before future use.
UI/01_ui_click.wav,06_Audio/ImportedSource/SoundZip~/UI/01_ui_click.wav,763894,810615f1d9b2aa1a0acc2cc01de69740b851c256052fb6237fff40edd64637fb,2.871497,pcm_s24le,44100,2,UI/pickup candidate - unassigned,,Metadata/source provenance; not auditioned,Existing authored clips preferred; candidate needs user audition before final binding.
UI/02_ui_hover.wav,06_Audio/ImportedSource/SoundZip~/UI/02_ui_hover.wav,766276,eab43e81402fa8240bc9f5d119a4a71053e7f5acf2c1ad5a06188650f1f94145,2.880499,pcm_s24le,44100,2,UI/pickup candidate - unassigned,,Metadata/source provenance; not auditioned,Existing authored clips preferred; candidate needs user audition before final binding.
UI/09_ui_unlock.wav,06_Audio/ImportedSource/SoundZip~/UI/09_ui_unlock.wav,1315282,e0eb47f35c415e01101acd0cf5cd5f3bbc0c4a6119e6514393366d77daf8d66e,4.955351,pcm_s24le,44100,2,Already present in project - no duplicate selected,06_Audio/SFX/UI/09_ui_unlock.wav,Metadata/source provenance; not auditioned,
UI/10_ui_activate.wav,06_Audio/ImportedSource/SoundZip~/UI/10_ui_activate.wav,1138150,c34b76593971ac8d1bd2e99c880b42bd188435ce6f08b47d701d4915988654ba,4.285918,pcm_s24le,44100,2,Already present in project - no duplicate selected,06_Audio/SFX/UI/10_ui_activate.wav,Metadata/source provenance; not auditioned,
UI/11_ui_deactivate.wav,06_Audio/ImportedSource/SoundZip~/UI/11_ui_deactivate.wav,1076098,e66eb84ded398453305206c31e77b4fc26f872a232d7478b5707b0a8675af411,4.051406,pcm_s24le,44100,2,Already present in project - no duplicate selected,06_Audio/SFX/UI/11_ui_deactivate.wav,Metadata/source provenance; not auditioned,
UI/ui_cancel_01.wav,06_Audio/ImportedSource/SoundZip~/UI/ui_cancel_01.wav,1077142,a7315388366ce63a3349c37a584155a080bab7a25b8d141e016fcfc8ead8266d,4.055351,pcm_s24le,44100,2,Already present in project - no duplicate selected,06_Audio/SFX/UI/ui_cancel_01.wav,Metadata/source provenance; not auditioned,
UI/ui_confirm_01.wav,06_Audio/ImportedSource/SoundZip~/UI/ui_confirm_01.wav,1016998,ad6fa8403af2803053a63ea0874e2b0b59de1fe1b9aa7e5dc05a9d78433fee68,3.82805,pcm_s24le,44100,2,Already present in project - no duplicate selected,06_Audio/SFX/UI/ui_confirm_01.wav,Metadata/source provenance; not auditioned,
UI/ui_execute_01.wav,06_Audio/ImportedSource/SoundZip~/UI/ui_execute_01.wav,1153036,b5d10580ab7afc729d13115bf6c91258b7248ff3c424ec23d6e95a179b9780b7,4.342177,pcm_s24le,44100,2,Already present in project - no duplicate selected,06_Audio/SFX/UI/ui_execute_01.wav,Metadata/source provenance; not auditioned,
UI/ui_system_close.wav,06_Audio/ImportedSource/SoundZip~/UI/ui_system_close.wav,1518166,1012dab825942fbd0ed8f5b1f8a998e84394e3bef2e99c6442527b19f484e867,5.722109,pcm_s24le,44100,2,Already present in project - no duplicate selected,06_Audio/SFX/UI/ui_system_close.wav,Metadata/source provenance; not auditioned,
UI/ui_system_open.wav,06_Audio/ImportedSource/SoundZip~/UI/ui_system_open.wav,1518136,bbb34a3eb11a989da182ee8e66bc2e23af527288846b484850384dcb714eaf31,5.721995,pcm_s24le,44100,2,Already present in project - no duplicate selected,06_Audio/SFX/UI/ui_system_open.wav,Metadata/source provenance; not auditioned,
UI/예전거 임시분리/.gitkeep,06_Audio/ImportedSource/SoundZip~/UI/예전거 임시분리/.gitkeep,0,e3b0c44298fc1c149afbf4c8996fb92427ae41e4649b934ca495991b7852b855,,,,,Non-audio - unused,,Metadata/source provenance; not auditioned,Not executed.
UI/예전거 임시분리/action_denied.wav,06_Audio/ImportedSource/SoundZip~/UI/예전거 임시분리/action_denied.wav,146898,34014f649811356cab12220641ac6f4e2d62688063d4f927e0a5976665be931f,0.509396,pcm_s24le,48000,2,Selected - restores existing broken event reference,06_Audio/SFX/UI/action_denied.wav,Metadata/source provenance; not auditioned,Original archive meta matches pre-pass missing GUID; copied audio only; Unity creates new meta.
UI/예전거 임시분리/action_denied.wav.meta,06_Audio/ImportedSource/SoundZip~/UI/예전거 임시분리/action_denied.wav.meta,485,b42a8749be747a97752dc5c7c333e8061f823788b4ffceb975aaeb72aa156807,,,,,Archived metadata - excluded from Unity import,,Metadata/source provenance; not auditioned,Source evidence only. Never copied into production.
UI/예전거 임시분리/action_denied_02.wav,06_Audio/ImportedSource/SoundZip~/UI/예전거 임시분리/action_denied_02.wav,133320,f0a8f2a40cc2bb6a37996988d0d81d5a1385e2191aea099b1353dbf3bbfa8831,0.46225,pcm_s24le,48000,2,Selected - restores existing broken event reference,06_Audio/SFX/UI/action_denied_02.wav,Metadata/source provenance; not auditioned,Original archive meta matches pre-pass missing GUID; copied audio only; Unity creates new meta.
UI/예전거 임시분리/action_denied_02.wav.meta,06_Audio/ImportedSource/SoundZip~/UI/예전거 임시분리/action_denied_02.wav.meta,485,8e7223f7aa83392c77ae656d2de68fa4bc2da697fb4b54bf449b65fdf1c824a7,,,,,Archived metadata - excluded from Unity import,,Metadata/source provenance; not auditioned,Source evidence only. Never copied into production.
UI/예전거 임시분리/action_denied_03.wav,06_Audio/ImportedSource/SoundZip~/UI/예전거 임시분리/action_denied_03.wav,150366,74fb42fc5a6e8ca46966fd180ffc96a2d33134505bb858352972e8d2509c6ad4,0.521438,pcm_s24le,48000,2,Selected - restores existing broken event reference,06_Audio/SFX/UI/action_denied_03.wav,Metadata/source provenance; not auditioned,Original archive meta matches pre-pass missing GUID; copied audio only; Unity creates new meta.
UI/예전거 임시분리/action_denied_03.wav.meta,06_Audio/ImportedSource/SoundZip~/UI/예전거 임시분리/action_denied_03.wav.meta,485,fc928a7c0c90c90acc3a45538079ac5841c171bae8ebf6dd6b3ecbca4d641ed6,,,,,Archived metadata - excluded from Unity import,,Metadata/source provenance; not auditioned,Source evidence only. Never copied into production.
UI/예전거 임시분리/level_up.wav,06_Audio/ImportedSource/SoundZip~/UI/예전거 임시분리/level_up.wav,409192,a557c28ec8d1108b9d2d307602ff7a7506c229bb113fcb74acb3c831467904f6,1.420167,pcm_s24le,48000,2,UI/pickup candidate - unassigned,,Metadata/source provenance; not auditioned,Existing authored clips preferred; candidate needs user audition before final binding.
UI/예전거 임시분리/level_up.wav.meta,06_Audio/ImportedSource/SoundZip~/UI/예전거 임시분리/level_up.wav.meta,485,09c6c2b518c9cc9bdf8c56d446e7d05d7177cc38a216da6212ba0ae8d291eb7d,,,,,Archived metadata - excluded from Unity import,,Metadata/source provenance; not auditioned,Source evidence only. Never copied into production.
UI/예전거 임시분리/level_up_02.wav,06_Audio/ImportedSource/SoundZip~/UI/예전거 임시분리/level_up_02.wav,420934,cc3b9e08ed22b3da374c92b5980d87867ac3b44d94a2685773849a0c8a5a44f1,1.460938,pcm_s24le,48000,2,UI/pickup candidate - unassigned,,Metadata/source provenance; not auditioned,Existing authored clips preferred; candidate needs user audition before final binding.
UI/예전거 임시분리/level_up_02.wav.meta,06_Audio/ImportedSource/SoundZip~/UI/예전거 임시분리/level_up_02.wav.meta,485,29f64d0b245c1e1aafd3c653bb7ed445f29ca14bd091a2dae9af81af2c0b7bc6,,,,,Archived metadata - excluded from Unity import,,Metadata/source provenance; not auditioned,Source evidence only. Never copied into production.
UI/예전거 임시분리/level_up_03.wav,06_Audio/ImportedSource/SoundZip~/UI/예전거 임시분리/level_up_03.wav,386194,3ce8c9d5f55656dbbd385eecabbc3bd80fca391f5852b4cf8baa7a70594629e6,1.340313,pcm_s24le,48000,2,UI/pickup candidate - unassigned,,Metadata/source provenance; not auditioned,Existing authored clips preferred; candidate needs user audition before final binding.
UI/예전거 임시분리/level_up_03.wav.meta,06_Audio/ImportedSource/SoundZip~/UI/예전거 임시분리/level_up_03.wav.meta,485,72620d8f85bbfdc5ebb399818535a119baa9a35ae737af53d38b92b20d262a2a,,,,,Archived metadata - excluded from Unity import,,Metadata/source provenance; not auditioned,Source evidence only. Never copied into production.
UI/예전거 임시분리/reinforcement_drop.wav,06_Audio/ImportedSource/SoundZip~/UI/예전거 임시분리/reinforcement_drop.wav,94242,4cec775011e8e4c20f55d6588e73f803a01711e84efd0ba5868f3f3e962cb869,0.326583,pcm_s24le,48000,2,Selected - restores existing broken event reference,06_Audio/SFX/UI/reinforcement_drop.wav,Metadata/source provenance; not auditioned,Original archive meta matches pre-pass missing GUID; copied audio only; Unity creates new meta.
UI/예전거 임시분리/reinforcement_drop.wav.meta,06_Audio/ImportedSource/SoundZip~/UI/예전거 임시분리/reinforcement_drop.wav.meta,485,85b29e9157b9b76ff24bc0d0534d4e8764317ca050311c47e2f49f775b748ee0,,,,,Archived metadata - excluded from Unity import,,Metadata/source provenance; not auditioned,Source evidence only. Never copied into production.
UI/예전거 임시분리/reinforcement_drop_02.wav,06_Audio/ImportedSource/SoundZip~/UI/예전거 임시분리/reinforcement_drop_02.wav,79830,8e4b04271460e0bc63d04f650946f3a2a92b1955f55654f33b4d4315fdd4bf7d,0.276542,pcm_s24le,48000,2,Selected - restores existing broken event reference,06_Audio/SFX/UI/reinforcement_drop_02.wav,Metadata/source provenance; not auditioned,Original archive meta matches pre-pass missing GUID; copied audio only; Unity creates new meta.
UI/예전거 임시분리/reinforcement_drop_02.wav.meta,06_Audio/ImportedSource/SoundZip~/UI/예전거 임시분리/reinforcement_drop_02.wav.meta,485,809e1c7e441862e9218d679a636bafcda5ba8ecd3de2566a70a04c94c82d1498,,,,,Archived metadata - excluded from Unity import,,Metadata/source provenance; not auditioned,Source evidence only. Never copied into production.
UI/예전거 임시분리/reinforcement_drop_03.wav,06_Audio/ImportedSource/SoundZip~/UI/예전거 임시분리/reinforcement_drop_03.wav,117342,4f95ce9405907dc163ec91c06befc8e29549ecfe7ee2eab8bfbb23ed17c9a3a4,0.406792,pcm_s24le,48000,2,Selected - restores existing broken event reference,06_Audio/SFX/UI/reinforcement_drop_03.wav,Metadata/source provenance; not auditioned,Original archive meta matches pre-pass missing GUID; copied audio only; Unity creates new meta.
UI/예전거 임시분리/reinforcement_drop_03.wav.meta,06_Audio/ImportedSource/SoundZip~/UI/예전거 임시분리/reinforcement_drop_03.wav.meta,485,f294ea6a272fe982fc54a6aa4ce73b98939273683938a4882de9cfe2f53a1784,,,,,Archived metadata - excluded from Unity import,,Metadata/source provenance; not auditioned,Source evidence only. Never copied into production.
UI/예전거 임시분리/reinforcement_equip.wav,06_Audio/ImportedSource/SoundZip~/UI/예전거 임시분리/reinforcement_equip.wav,107378,0cc44a51721413b708dfd1d060dc78049e8ed83669d66a628b01bb321ebeba83,0.372188,pcm_s24le,48000,2,Selected - restores existing broken event reference,06_Audio/SFX/UI/reinforcement_equip.wav,Metadata/source provenance; not auditioned,Original archive meta matches pre-pass missing GUID; copied audio only; Unity creates new meta.
UI/예전거 임시분리/reinforcement_equip.wav.meta,06_Audio/ImportedSource/SoundZip~/UI/예전거 임시분리/reinforcement_equip.wav.meta,485,eb646ec3b445fc7cb241015043d2c76cd785fb613ad2a68a836769cc28c09cf8,,,,,Archived metadata - excluded from Unity import,,Metadata/source provenance; not auditioned,Source evidence only. Never copied into production.
UI/예전거 임시분리/reinforcement_equip_02.wav,06_Audio/ImportedSource/SoundZip~/UI/예전거 임시분리/reinforcement_equip_02.wav,85730,b8fed6af15b6e16eaf633e31a6475a3a415bc3e771125ac0731dd367e688b5f7,0.297021,pcm_s24le,48000,2,Selected - restores existing broken event reference,06_Audio/SFX/UI/reinforcement_equip_02.wav,Metadata/source provenance; not auditioned,Original archive meta matches pre-pass missing GUID; copied audio only; Unity creates new meta.
UI/예전거 임시분리/reinforcement_equip_02.wav.meta,06_Audio/ImportedSource/SoundZip~/UI/예전거 임시분리/reinforcement_equip_02.wav.meta,485,feb3c0b141bb23270da8134791815d5d3f08ad2bd991402d00b5bbc161417d40,,,,,Archived metadata - excluded from Unity import,,Metadata/source provenance; not auditioned,Source evidence only. Never copied into production.
UI/예전거 임시분리/reinforcement_equip_03.wav,06_Audio/ImportedSource/SoundZip~/UI/예전거 임시분리/reinforcement_equip_03.wav,87272,98e4b2254275acadd11d90b8a1a7c317660739f5977fb691b9d993dd454371c2,0.302375,pcm_s24le,48000,2,Selected - restores existing broken event reference,06_Audio/SFX/UI/reinforcement_equip_03.wav,Metadata/source provenance; not auditioned,Original archive meta matches pre-pass missing GUID; copied audio only; Unity creates new meta.
UI/예전거 임시분리/reinforcement_equip_03.wav.meta,06_Audio/ImportedSource/SoundZip~/UI/예전거 임시분리/reinforcement_equip_03.wav.meta,485,01f54cb75dfde08b5c15a50a555839f28c4a3a0c318cbf2031f7464b5bfb4348,,,,,Archived metadata - excluded from Unity import,,Metadata/source provenance; not auditioned,Source evidence only. Never copied into production.
UI/예전거 임시분리/reinforcement_pickup.wav,06_Audio/ImportedSource/SoundZip~/UI/예전거 임시분리/reinforcement_pickup.wav,130428,6a2e3fe193ad2dfb8c8ffed8d77e0a63712fc8dc0c0078f5e1727854d3d3cdf6,0.452208,pcm_s24le,48000,2,Selected - restores existing broken event reference,06_Audio/SFX/UI/reinforcement_pickup.wav,Metadata/source provenance; not auditioned,Original archive meta matches pre-pass missing GUID; copied audio only; Unity creates new meta.
UI/예전거 임시분리/reinforcement_pickup.wav.meta,06_Audio/ImportedSource/SoundZip~/UI/예전거 임시분리/reinforcement_pickup.wav.meta,485,6cb6ae57c7fa07436613ad1d26ac1a3fc064db54bb86b1246c0890b13ba97579,,,,,Archived metadata - excluded from Unity import,,Metadata/source provenance; not auditioned,Source evidence only. Never copied into production.
UI/예전거 임시분리/reinforcement_pickup_02.wav,06_Audio/ImportedSource/SoundZip~/UI/예전거 임시분리/reinforcement_pickup_02.wav,132432,87047fc1c996aa47b9184e813b324fc43ffa8aea3b6b7fbbd5f3750ebda75f49,0.459167,pcm_s24le,48000,2,Selected - restores existing broken event reference,06_Audio/SFX/UI/reinforcement_pickup_02.wav,Metadata/source provenance; not auditioned,Original archive meta matches pre-pass missing GUID; copied audio only; Unity creates new meta.
UI/예전거 임시분리/reinforcement_pickup_02.wav.meta,06_Audio/ImportedSource/SoundZip~/UI/예전거 임시분리/reinforcement_pickup_02.wav.meta,485,942407ff3dbba02147767e5d49d82115ffffa70ab7d4d24c60a169db4b6d1f6c,,,,,Archived metadata - excluded from Unity import,,Metadata/source provenance; not auditioned,Source evidence only. Never copied into production.
UI/예전거 임시분리/reinforcement_pickup_03.wav,06_Audio/ImportedSource/SoundZip~/UI/예전거 임시분리/reinforcement_pickup_03.wav,277154,9951b94008c0bae4b8b62eb244a4363bc8c27eb9a67b83218a12100024e3975b,0.961667,pcm_s24le,48000,2,Selected - restores existing broken event reference,06_Audio/SFX/Pickups/pickup_scrap.wav,Metadata/source provenance; not auditioned,Exact duplicate of existing project clip; reuse without copying.
UI/예전거 임시분리/reinforcement_pickup_03.wav.meta,06_Audio/ImportedSource/SoundZip~/UI/예전거 임시분리/reinforcement_pickup_03.wav.meta,485,6e96203e76eb59278c5acac3f7f6fd204b7b12213ea7ddd3e99aa1ca4423f48e,,,,,Archived metadata - excluded from Unity import,,Metadata/source provenance; not auditioned,Source evidence only. Never copied into production.
UI/예전거 임시분리/reinforcement_use.wav,06_Audio/ImportedSource/SoundZip~/UI/예전거 임시분리/reinforcement_use.wav,446912,156bc4c3e902e9159673a65cb258296282dc8967d715024ebea5111069618463,1.551125,pcm_s24le,48000,2,UI/pickup candidate - unassigned,,Metadata/source provenance; not auditioned,Existing authored clips preferred; candidate needs user audition before final binding.
UI/예전거 임시분리/reinforcement_use.wav.meta,06_Audio/ImportedSource/SoundZip~/UI/예전거 임시분리/reinforcement_use.wav.meta,485,0181f9303b08628ded57e82dc384a33e8b7f27fd6f3a0b640724d72b87710b66,,,,,Archived metadata - excluded from Unity import,,Metadata/source provenance; not auditioned,Source evidence only. Never copied into production.
UI/예전거 임시분리/reinforcement_use_02.wav,06_Audio/ImportedSource/SoundZip~/UI/예전거 임시분리/reinforcement_use_02.wav,595070,de62244cc469bc4cdcf09f73251cd3b79139748a6adbca31991d559b2d21e5a9,2.065563,pcm_s24le,48000,2,UI/pickup candidate - unassigned,,Metadata/source provenance; not auditioned,Existing authored clips preferred; candidate needs user audition before final binding.
UI/예전거 임시분리/reinforcement_use_02.wav.meta,06_Audio/ImportedSource/SoundZip~/UI/예전거 임시분리/reinforcement_use_02.wav.meta,485,f900977e15572f07a00e08691c9fb6617b7a778c0e07ba37efaa8f52fc51fb06,,,,,Archived metadata - excluded from Unity import,,Metadata/source provenance; not auditioned,Source evidence only. Never copied into production.
UI/예전거 임시분리/reinforcement_use_03.ogg,06_Audio/ImportedSource/SoundZip~/UI/예전거 임시분리/reinforcement_use_03.ogg,5868,9048d651b51f528099c384566b0d4c6c597bee8b56c48f3adab7a901feba0fa5,0.522449,vorbis,44100,1,Already present in project - no duplicate selected,06_Audio/SFX/Boss/core_interact_loop_02.ogg,Metadata/source provenance; not auditioned,
UI/예전거 임시분리/reinforcement_use_03.ogg.meta,06_Audio/ImportedSource/SoundZip~/UI/예전거 임시분리/reinforcement_use_03.ogg.meta,485,19e23c395fbb706643287511c770546e1e075fca090f7e31e754b53ee9e00a20,,,,,Archived metadata - excluded from Unity import,,Metadata/source provenance; not auditioned,Source evidence only. Never copied into production.
UI/예전거 임시분리/tab_status_close.wav,06_Audio/ImportedSource/SoundZip~/UI/예전거 임시분리/tab_status_close.wav,70434,b36985c5ceb66b0ba2c3a5ef029daf18027ffbd9641be5837254fc890dfd0116,0.243875,pcm_s24le,48000,2,Selected - restores existing broken event reference,06_Audio/SFX/UI/tab_status_close.wav,Metadata/source provenance; not auditioned,Original archive meta matches pre-pass missing GUID; copied audio only; Unity creates new meta.
UI/예전거 임시분리/tab_status_close.wav.meta,06_Audio/ImportedSource/SoundZip~/UI/예전거 임시분리/tab_status_close.wav.meta,485,5c53271758d5ba7e46f47a8cd38daf66a50327bced162b9348fad2284a2c0576,,,,,Archived metadata - excluded from Unity import,,Metadata/source provenance; not auditioned,Source evidence only. Never copied into production.
UI/예전거 임시분리/tab_status_close_02.wav,06_Audio/ImportedSource/SoundZip~/UI/예전거 임시분리/tab_status_close_02.wav,88944,ef19b9ca29ac76826146a3a152379f66f614bb11e7fade4702bde8df30c69f96,0.308146,pcm_s24le,48000,2,Selected - restores existing broken event reference,06_Audio/SFX/UI/tab_status_close_02.wav,Metadata/source provenance; not auditioned,Original archive meta matches pre-pass missing GUID; copied audio only; Unity creates new meta.
UI/예전거 임시분리/tab_status_close_02.wav.meta,06_Audio/ImportedSource/SoundZip~/UI/예전거 임시분리/tab_status_close_02.wav.meta,485,144bc0b9d256a5c07e27462147078d46b096c9a89b7ff6a8b253a1e24333c39f,,,,,Archived metadata - excluded from Unity import,,Metadata/source provenance; not auditioned,Source evidence only. Never copied into production.
UI/예전거 임시분리/tab_status_open.wav,06_Audio/ImportedSource/SoundZip~/UI/예전거 임시분리/tab_status_open.wav,137980,b1ea009c27f526fdf4397538497e7df367832fb83c6dab26b218370f286eada3,0.478417,pcm_s24le,48000,2,Selected - restores existing broken event reference,06_Audio/SFX/UI/tab_status_open.wav,Metadata/source provenance; not auditioned,Original archive meta matches pre-pass missing GUID; copied audio only; Unity creates new meta.
UI/예전거 임시분리/tab_status_open.wav.meta,06_Audio/ImportedSource/SoundZip~/UI/예전거 임시분리/tab_status_open.wav.meta,485,231ab877dcf602a06fb02f552c4eebe953c285a004a8ab8587074bbd5331bc2c,,,,,Archived metadata - excluded from Unity import,,Metadata/source provenance; not auditioned,Source evidence only. Never copied into production.
UI/예전거 임시분리/tab_status_open_02.wav,06_Audio/ImportedSource/SoundZip~/UI/예전거 임시분리/tab_status_open_02.wav,131578,fffedbf6dad116d5da83fba03417a436852cfd4e74c75fc0bc4fe6eac867e0dd,0.456188,pcm_s24le,48000,2,Selected - restores existing broken event reference,06_Audio/SFX/UI/tab_status_open_02.wav,Metadata/source provenance; not auditioned,Original archive meta matches pre-pass missing GUID; copied audio only; Unity creates new meta.
UI/예전거 임시분리/tab_status_open_02.wav.meta,06_Audio/ImportedSource/SoundZip~/UI/예전거 임시분리/tab_status_open_02.wav.meta,485,a6001d368ab570598ec39bfaafc1f5431c55497461a70b9e74854e7ef88e0e64,,,,,Archived metadata - excluded from Unity import,,Metadata/source provenance; not auditioned,Source evidence only. Never copied into production.
UI/예전거 임시분리/trait_select.wav,06_Audio/ImportedSource/SoundZip~/UI/예전거 임시분리/trait_select.wav,376748,5f7959817bdc92694a6530c57fe57f08b8ad9ab856a44100e31708b2cec07821,1.3075,pcm_s24le,48000,2,Selected - restores existing broken event reference,06_Audio/SFX/UI/trait_select.wav,Metadata/source provenance; not auditioned,Original archive meta matches pre-pass missing GUID; copied audio only; Unity creates new meta.
UI/예전거 임시분리/trait_select.wav.meta,06_Audio/ImportedSource/SoundZip~/UI/예전거 임시분리/trait_select.wav.meta,485,46c43cd454d6da965d48ef9a17722ba1d819b70a9a1a9de293c9aafc904311eb,,,,,Archived metadata - excluded from Unity import,,Metadata/source provenance; not auditioned,Source evidence only. Never copied into production.
UI/예전거 임시분리/trait_select_02.wav,06_Audio/ImportedSource/SoundZip~/UI/예전거 임시분리/trait_select_02.wav,443396,9b4d2870300ea1d960b26d1876602d9a9bc3f8dba3636d44431b6c25cabc0013,1.538917,pcm_s24le,48000,2,Selected - restores existing broken event reference,06_Audio/SFX/UI/trait_select_02.wav,Metadata/source provenance; not auditioned,Original archive meta matches pre-pass missing GUID; copied audio only; Unity creates new meta.
UI/예전거 임시분리/trait_select_02.wav.meta,06_Audio/ImportedSource/SoundZip~/UI/예전거 임시분리/trait_select_02.wav.meta,485,1b4ee3c0f0203ef4993a72888a5c8fc508607e13c4ed5f90a1dd25a7515d2bf8,,,,,Archived metadata - excluded from Unity import,,Metadata/source provenance; not auditioned,Source evidence only. Never copied into production.
UI/예전거 임시분리/trait_select_03.wav,06_Audio/ImportedSource/SoundZip~/UI/예전거 임시분리/trait_select_03.wav,318410,c3243e1fc337e7e15b6e2cc1437c18728665b8a4f1d66ca29d271c8a56a0ff68,1.104938,pcm_s24le,48000,2,Selected - restores existing broken event reference,06_Audio/SFX/UI/trait_select_03.wav,Metadata/source provenance; not auditioned,Original archive meta matches pre-pass missing GUID; copied audio only; Unity creates new meta.
UI/예전거 임시분리/trait_select_03.wav.meta,06_Audio/ImportedSource/SoundZip~/UI/예전거 임시분리/trait_select_03.wav.meta,485,87dde3c0038d9bdbc0d8b448e3a518039938e45c7a26c1ad07dc3c6873708a82,,,,,Archived metadata - excluded from Unity import,,Metadata/source provenance; not auditioned,Source evidence only. Never copied into production.
UI/예전거 임시분리/ui_activate_01.wav,06_Audio/ImportedSource/SoundZip~/UI/예전거 임시분리/ui_activate_01.wav,107378,0cc44a51721413b708dfd1d060dc78049e8ed83669d66a628b01bb321ebeba83,0.372188,pcm_s24le,48000,2,Selected - restores existing broken event reference,06_Audio/SFX/UI/reinforcement_equip.wav,Metadata/source provenance; not auditioned,Original archive meta matches pre-pass missing GUID; copied audio only; Unity creates new meta.
UI/예전거 임시분리/ui_activate_01.wav.meta,06_Audio/ImportedSource/SoundZip~/UI/예전거 임시분리/ui_activate_01.wav.meta,485,22ff3a16b48b8eaaf607822d838215b2aeab2590024aa89443d8c7b28c3fb415,,,,,Archived metadata - excluded from Unity import,,Metadata/source provenance; not auditioned,Source evidence only. Never copied into production.
UI/예전거 임시분리/ui_activate_02.wav,06_Audio/ImportedSource/SoundZip~/UI/예전거 임시분리/ui_activate_02.wav,85730,b8fed6af15b6e16eaf633e31a6475a3a415bc3e771125ac0731dd367e688b5f7,0.297021,pcm_s24le,48000,2,Selected - restores existing broken event reference,06_Audio/SFX/UI/reinforcement_equip_02.wav,Metadata/source provenance; not auditioned,Original archive meta matches pre-pass missing GUID; copied audio only; Unity creates new meta.
UI/예전거 임시분리/ui_activate_02.wav.meta,06_Audio/ImportedSource/SoundZip~/UI/예전거 임시분리/ui_activate_02.wav.meta,485,de771d10f73597c7e847fb6818244fa2ef7848d04d2b12a1b24e9b2a5d13f5ca,,,,,Archived metadata - excluded from Unity import,,Metadata/source provenance; not auditioned,Source evidence only. Never copied into production.
UI/예전거 임시분리/ui_back.wav,06_Audio/ImportedSource/SoundZip~/UI/예전거 임시분리/ui_back.wav,146110,8f2408c2bea3d5d3d502868ffd08ab4b24e323ff715f3087bd77b2c8018047d0,0.506583,pcm_s24le,48000,2,UI/pickup candidate - unassigned,,Metadata/source provenance; not auditioned,Existing authored clips preferred; candidate needs user audition before final binding.
UI/예전거 임시분리/ui_back.wav.meta,06_Audio/ImportedSource/SoundZip~/UI/예전거 임시분리/ui_back.wav.meta,485,b75081750a81bede6a97a65d7d73d2026ea4dc8d8f1807064a4fc9784d60524a,,,,,Archived metadata - excluded from Unity import,,Metadata/source provenance; not auditioned,Source evidence only. Never copied into production.
UI/예전거 임시분리/ui_back_02.wav,06_Audio/ImportedSource/SoundZip~/UI/예전거 임시분리/ui_back_02.wav,101914,adb2b8aba27f3795d4e7f05d0469e816f4df8a247eb77458aa114b7166bb6a7c,0.353125,pcm_s24le,48000,2,UI/pickup candidate - unassigned,,Metadata/source provenance; not auditioned,Existing authored clips preferred; candidate needs user audition before final binding.
UI/예전거 임시분리/ui_back_02.wav.meta,06_Audio/ImportedSource/SoundZip~/UI/예전거 임시분리/ui_back_02.wav.meta,485,a24fd25c50a60bee85afbd4cd2612874f72a554d11deb81b09198a2fc6b91206,,,,,Archived metadata - excluded from Unity import,,Metadata/source provenance; not auditioned,Source evidence only. Never copied into production.
UI/예전거 임시분리/ui_click.wav,06_Audio/ImportedSource/SoundZip~/UI/예전거 임시분리/ui_click.wav,34580,3e599cd6db3371bfe9008077f3899dd91cbc2786447ecdaf0df93589b42e90f4,0.119333,pcm_s24le,48000,2,Already present in project - no duplicate selected,06_Audio/SFX/UI/ui_click.wav,Metadata/source provenance; not auditioned,
UI/예전거 임시분리/ui_click.wav.meta,06_Audio/ImportedSource/SoundZip~/UI/예전거 임시분리/ui_click.wav.meta,485,2230c069acdebbfdcd23e78e600c28d7f214a5b94567c8c11113d854ae1b9b0c,,,,,Archived metadata - excluded from Unity import,,Metadata/source provenance; not auditioned,Source evidence only. Never copied into production.
UI/예전거 임시분리/ui_click_02.wav,06_Audio/ImportedSource/SoundZip~/UI/예전거 임시분리/ui_click_02.wav,105542,53610c31bda1b0f6d1c7cdc8cfc83ce9e77d83efe1ebac7c0a44011260403718,0.365729,pcm_s24le,48000,2,UI/pickup candidate - unassigned,,Metadata/source provenance; not auditioned,Existing authored clips preferred; candidate needs user audition before final binding.
UI/예전거 임시분리/ui_click_02.wav.meta,06_Audio/ImportedSource/SoundZip~/UI/예전거 임시분리/ui_click_02.wav.meta,485,229fa4af4a8e22b922b8e5b6dff9cfc561479b84432a08f3e549f496809f257b,,,,,Archived metadata - excluded from Unity import,,Metadata/source provenance; not auditioned,Source evidence only. Never copied into production.
UI/예전거 임시분리/ui_click_03.wav,06_Audio/ImportedSource/SoundZip~/UI/예전거 임시분리/ui_click_03.wav,64322,8901bc9562758005034ad3f5356aadbdbdda9b6b59fd0c45a8ff938f43b4df64,0.222604,pcm_s24le,48000,2,UI/pickup candidate - unassigned,,Metadata/source provenance; not auditioned,Existing authored clips preferred; candidate needs user audition before final binding.
UI/예전거 임시분리/ui_click_03.wav.meta,06_Audio/ImportedSource/SoundZip~/UI/예전거 임시분리/ui_click_03.wav.meta,485,db3a3dbdcefb8c88250c0d09c45a5ecd1a8a8747c0ee554bde5bb3e174017e0e,,,,,Archived metadata - excluded from Unity import,,Metadata/source provenance; not auditioned,Source evidence only. Never copied into production.
UI/예전거 임시분리/ui_deactivate_01.wav,06_Audio/ImportedSource/SoundZip~/UI/예전거 임시분리/ui_deactivate_01.wav,70434,b36985c5ceb66b0ba2c3a5ef029daf18027ffbd9641be5837254fc890dfd0116,0.243875,pcm_s24le,48000,2,Selected - restores existing broken event reference,06_Audio/SFX/UI/tab_status_close.wav,Metadata/source provenance; not auditioned,Original archive meta matches pre-pass missing GUID; copied audio only; Unity creates new meta.
UI/예전거 임시분리/ui_deactivate_01.wav.meta,06_Audio/ImportedSource/SoundZip~/UI/예전거 임시분리/ui_deactivate_01.wav.meta,485,a037acd7ad2f96400976ea37821315cd8c7b4dbd15c2d566a70d7a5823cc6fa3,,,,,Archived metadata - excluded from Unity import,,Metadata/source provenance; not auditioned,Source evidence only. Never copied into production.
UI/예전거 임시분리/ui_deactivate_02.wav,06_Audio/ImportedSource/SoundZip~/UI/예전거 임시분리/ui_deactivate_02.wav,77018,6805d9688416fe858504b49710710d82f89753be09882e34bf48cdc8bdab6902,0.266771,pcm_s24le,48000,2,UI/pickup candidate - unassigned,,Metadata/source provenance; not auditioned,Existing authored clips preferred; candidate needs user audition before final binding.
UI/예전거 임시분리/ui_deactivate_02.wav.meta,06_Audio/ImportedSource/SoundZip~/UI/예전거 임시분리/ui_deactivate_02.wav.meta,485,003ea69bd3e7d7743ace24b97b64a2be5bd4f8ab6ad072b442f8842eeb903cc3,,,,,Archived metadata - excluded from Unity import,,Metadata/source provenance; not auditioned,Source evidence only. Never copied into production.
UI/예전거 임시분리/ui_disabled_01.wav,06_Audio/ImportedSource/SoundZip~/UI/예전거 임시분리/ui_disabled_01.wav,89136,f34b9b703a0a721d4f23c70331237cf6774f457e692c9ea55112639716bd4dd7,1.009184,pcm_s16le,44100,1,UI/pickup candidate - unassigned,,Metadata/source provenance; not auditioned,Existing authored clips preferred; candidate needs user audition before final binding.
UI/예전거 임시분리/ui_disabled_01.wav.meta,06_Audio/ImportedSource/SoundZip~/UI/예전거 임시분리/ui_disabled_01.wav.meta,485,65d682c41ef2b158cb160bb8fead79034d1afc9e292015b80aa92758a542a2e4,,,,,Archived metadata - excluded from Unity import,,Metadata/source provenance; not auditioned,Source evidence only. Never copied into production.
UI/예전거 임시분리/ui_disabled_02.wav,06_Audio/ImportedSource/SoundZip~/UI/예전거 임시분리/ui_disabled_02.wav,101780,d668cdf71915905baa88155a6adc32e8798c761e2b063d93f163d7c2920013f8,1.15254,pcm_s16le,44100,1,UI/pickup candidate - unassigned,,Metadata/source provenance; not auditioned,Existing authored clips preferred; candidate needs user audition before final binding.
UI/예전거 임시분리/ui_disabled_02.wav.meta,06_Audio/ImportedSource/SoundZip~/UI/예전거 임시분리/ui_disabled_02.wav.meta,485,b0e9d9553d2d97d5be9454dcc731004d3c9eeb46da8df429edff0b6eaa353aef,,,,,Archived metadata - excluded from Unity import,,Metadata/source provenance; not auditioned,Source evidence only. Never copied into production.
UI/예전거 임시분리/ui_hover_sound.ogg,06_Audio/ImportedSource/SoundZip~/UI/예전거 임시분리/ui_hover_sound.ogg,7714,8e236aee6e2931f362d9f02d739997721b93a705f2c94f1c7a0253fa241c0cd6,0.23,vorbis,44100,2,Already present in project - no duplicate selected,06_Audio/SFX/Player/ship_move_puff_1.ogg,Metadata/source provenance; not auditioned,
UI/예전거 임시분리/ui_hover_sound.ogg.meta,06_Audio/ImportedSource/SoundZip~/UI/예전거 임시분리/ui_hover_sound.ogg.meta,485,6730fe106fe8f47bebf4810353960ce5350d96a5c10832f5f08fdc76167820da,,,,,Archived metadata - excluded from Unity import,,Metadata/source provenance; not auditioned,Source evidence only. Never copied into production.
UI/예전거 임시분리/ui_insufficient 1.wav,06_Audio/ImportedSource/SoundZip~/UI/예전거 임시분리/ui_insufficient 1.wav,352844,dd008d4c94c8c57a5b1e66a376bee77ff0209e8b5afc502193295a04495d8b7b,2.0,pcm_s16le,44100,2,Already present in project - no duplicate selected,06_Audio/SFX/UI/ui_insufficient 1.wav,Metadata/source provenance; not auditioned,
UI/예전거 임시분리/ui_insufficient 1.wav.meta,06_Audio/ImportedSource/SoundZip~/UI/예전거 임시분리/ui_insufficient 1.wav.meta,485,cfb7cfe369c5b8949a0db72e7d467753aa380d664061e7c07dee12b5a56d44dc,,,,,Archived metadata - excluded from Unity import,,Metadata/source provenance; not auditioned,Source evidence only. Never copied into production.
UI/예전거 임시분리/ui_insufficient.wav,06_Audio/ImportedSource/SoundZip~/UI/예전거 임시분리/ui_insufficient.wav,162190,cdb3c7afa7b290aeb9d6ac4bb124309b5559b943bd33069d82ab1ae3a05feab2,0.562438,pcm_s24le,48000,2,UI/pickup candidate - unassigned,,Metadata/source provenance; not auditioned,Existing authored clips preferred; candidate needs user audition before final binding.
UI/예전거 임시분리/ui_insufficient.wav.meta,06_Audio/ImportedSource/SoundZip~/UI/예전거 임시분리/ui_insufficient.wav.meta,485,f787a68f2819937e4640f46a3b3dcfffa75da5dba3ade5201b3850f0e69f47aa,,,,,Archived metadata - excluded from Unity import,,Metadata/source provenance; not auditioned,Source evidence only. Never copied into production.
UI/예전거 임시분리/ui_insufficient_02.wav,06_Audio/ImportedSource/SoundZip~/UI/예전거 임시분리/ui_insufficient_02.wav,142312,8998e3c601eb693246e910b420d5ec666558aa239a28c21f918f7f201eb95349,0.493417,pcm_s24le,48000,2,UI/pickup candidate - unassigned,,Metadata/source provenance; not auditioned,Existing authored clips preferred; candidate needs user audition before final binding.
UI/예전거 임시분리/ui_insufficient_02.wav.meta,06_Audio/ImportedSource/SoundZip~/UI/예전거 임시분리/ui_insufficient_02.wav.meta,485,a246ea748c61c7e693a1385d3007eb39d2931952ffe4fefefc405993b973af69,,,,,Archived metadata - excluded from Unity import,,Metadata/source provenance; not auditioned,Source evidence only. Never copied into production.
UI/예전거 임시분리/ui_insufficient_03.wav,06_Audio/ImportedSource/SoundZip~/UI/예전거 임시분리/ui_insufficient_03.wav,88980,8bd76ddbeadeafa74ff2ef79710969d0135c398dded48204e17d00a7fb33fe66,0.30825,pcm_s24le,48000,2,UI/pickup candidate - unassigned,,Metadata/source provenance; not auditioned,Existing authored clips preferred; candidate needs user audition before final binding.
UI/예전거 임시분리/ui_insufficient_03.wav.meta,06_Audio/ImportedSource/SoundZip~/UI/예전거 임시분리/ui_insufficient_03.wav.meta,485,d3d3ca52dc58cab29c4916b448357dc05528c551b1d47ad56fabe7f0db1790aa,,,,,Archived metadata - excluded from Unity import,,Metadata/source provenance; not auditioned,Source evidence only. Never copied into production.
UI/예전거 임시분리/ui_launch 1.wav,06_Audio/ImportedSource/SoundZip~/UI/예전거 임시분리/ui_launch 1.wav,363872,578240147304c360ea448f5ff8b91a0f253c77ad6e9995930763d22a00ffe138,2.062517,pcm_s16le,44100,2,UI/pickup candidate - unassigned,,Metadata/source provenance; not auditioned,Existing authored clips preferred; candidate needs user audition before final binding.
UI/예전거 임시분리/ui_launch 1.wav.meta,06_Audio/ImportedSource/SoundZip~/UI/예전거 임시분리/ui_launch 1.wav.meta,485,23f268966420088d05bd91301e8fa672e1632d9841d3627b3ba72987c2489899,,,,,Archived metadata - excluded from Unity import,,Metadata/source provenance; not auditioned,Source evidence only. Never copied into production.
UI/예전거 임시분리/ui_launch_02.wav,06_Audio/ImportedSource/SoundZip~/UI/예전거 임시분리/ui_launch_02.wav,128494,ec98713b225e3f5687fd29b6ee124dbaefd4a4dd6617acb93004e6fd40a859d3,0.445458,pcm_s24le,48000,2,UI/pickup candidate - unassigned,,Metadata/source provenance; not auditioned,Existing authored clips preferred; candidate needs user audition before final binding.
UI/예전거 임시분리/ui_launch_02.wav.meta,06_Audio/ImportedSource/SoundZip~/UI/예전거 임시분리/ui_launch_02.wav.meta,485,22820e60ffe93d868c90978f748a84e56b5a6bdd48841e2aa7ffccf228a71152,,,,,Archived metadata - excluded from Unity import,,Metadata/source provenance; not auditioned,Source evidence only. Never copied into production.
UI/예전거 임시분리/ui_launch_new_01.wav,06_Audio/ImportedSource/SoundZip~/UI/예전거 임시분리/ui_launch_new_01.wav,133756,5016623cf8b35b50eda5d0e8feeb4b6c05a162bb9ead5b5daf77e97f3884de28,1.515079,pcm_s16le,44100,1,Already present in project - no duplicate selected,06_Audio/SFX/Radar/radar_scan_pulse_new_01.wav,Metadata/source provenance; not auditioned,
UI/예전거 임시분리/ui_launch_new_01.wav.meta,06_Audio/ImportedSource/SoundZip~/UI/예전거 임시분리/ui_launch_new_01.wav.meta,485,a3bd6d99c5b008b2a6bb683a94d8d67024c0c5e14ba58a0990099d12b2affc8e,,,,,Archived metadata - excluded from Unity import,,Metadata/source provenance; not auditioned,Source evidence only. Never copied into production.
UI/예전거 임시분리/ui_launch_new_02.wav,06_Audio/ImportedSource/SoundZip~/UI/예전거 임시분리/ui_launch_new_02.wav,108770,fa8e731bfcdced56ba20767ca8649e6b04ce07fe2ff239e7c52add43c44db022,1.23102,pcm_s16le,44100,1,Already present in project - no duplicate selected,06_Audio/SFX/Radar/radar_charge_start_02.wav,Metadata/source provenance; not auditioned,
UI/예전거 임시분리/ui_launch_new_02.wav.meta,06_Audio/ImportedSource/SoundZip~/UI/예전거 임시분리/ui_launch_new_02.wav.meta,485,221ed1f5784c22d8d96c91c3a11b0f8b5dd102aaceffb9196c2c0bad24aadab8,,,,,Archived metadata - excluded from Unity import,,Metadata/source provenance; not auditioned,Source evidence only. Never copied into production.
UI/예전거 임시분리/ui_panel_close.wav,06_Audio/ImportedSource/SoundZip~/UI/예전거 임시분리/ui_panel_close.wav,71684,e10a241365cdf2c841d6e7f1f2d73bb3fc91d641cf3de12c103106f842b6f3a7,0.24825,pcm_s24le,48000,2,UI/pickup candidate - unassigned,,Metadata/source provenance; not auditioned,Existing authored clips preferred; candidate needs user audition before final binding.
UI/예전거 임시분리/ui_panel_close.wav.meta,06_Audio/ImportedSource/SoundZip~/UI/예전거 임시분리/ui_panel_close.wav.meta,485,8d63ee815159b3ee22c22582345b6da8ca8d32f524b1ec80315349857fda025f,,,,,Archived metadata - excluded from Unity import,,Metadata/source provenance; not auditioned,Source evidence only. Never copied into production.
UI/예전거 임시분리/ui_panel_close_02.wav,06_Audio/ImportedSource/SoundZip~/UI/예전거 임시분리/ui_panel_close_02.wav,77018,6805d9688416fe858504b49710710d82f89753be09882e34bf48cdc8bdab6902,0.266771,pcm_s24le,48000,2,UI/pickup candidate - unassigned,,Metadata/source provenance; not auditioned,Existing authored clips preferred; candidate needs user audition before final binding.
UI/예전거 임시분리/ui_panel_close_02.wav.meta,06_Audio/ImportedSource/SoundZip~/UI/예전거 임시분리/ui_panel_close_02.wav.meta,485,8dd6262935a65d36837ae129a1ad92ecfd0ace5aff166e7bf68f24ff2f06d4a7,,,,,Archived metadata - excluded from Unity import,,Metadata/source provenance; not auditioned,Source evidence only. Never copied into production.
UI/예전거 임시분리/ui_panel_close_03.wav,06_Audio/ImportedSource/SoundZip~/UI/예전거 임시분리/ui_panel_close_03.wav,48464,4d2916235d0fb28f4c30462cea2283be36a5d3d75aa66132a650d4afaefd8ae9,0.167625,pcm_s24le,48000,2,Already present in project - no duplicate selected,06_Audio/SFX/Radar/radar_close_02.wav,Metadata/source provenance; not auditioned,
UI/예전거 임시분리/ui_panel_close_03.wav.meta,06_Audio/ImportedSource/SoundZip~/UI/예전거 임시분리/ui_panel_close_03.wav.meta,485,6c1e084271381f135b0611894eabf3306048be5e0eddaed997ddd249a81ba0e3,,,,,Archived metadata - excluded from Unity import,,Metadata/source provenance; not auditioned,Source evidence only. Never copied into production.
UI/예전거 임시분리/ui_panel_open.wav,06_Audio/ImportedSource/SoundZip~/UI/예전거 임시분리/ui_panel_open.wav,104272,2bb1e412af77688c3d53a53408b5143c9fa2ce2b1c62f8239749af7f497e7dcc,0.361375,pcm_s24le,48000,2,UI/pickup candidate - unassigned,,Metadata/source provenance; not auditioned,Existing authored clips preferred; candidate needs user audition before final binding.
UI/예전거 임시분리/ui_panel_open.wav.meta,06_Audio/ImportedSource/SoundZip~/UI/예전거 임시분리/ui_panel_open.wav.meta,485,e5f18ebea195a4ed8daadbcc144b2c4c050ab3b372361777f947e918300a0981,,,,,Archived metadata - excluded from Unity import,,Metadata/source provenance; not auditioned,Source evidence only. Never copied into production.
UI/예전거 임시분리/ui_panel_open_02.wav,06_Audio/ImportedSource/SoundZip~/UI/예전거 임시분리/ui_panel_open_02.wav,76192,f7f567854a857eba20ec9369d76cd393a13fa63230da076efe18ed13596cbc56,0.263875,pcm_s24le,48000,2,UI/pickup candidate - unassigned,,Metadata/source provenance; not auditioned,Existing authored clips preferred; candidate needs user audition before final binding.
UI/예전거 임시분리/ui_panel_open_02.wav.meta,06_Audio/ImportedSource/SoundZip~/UI/예전거 임시분리/ui_panel_open_02.wav.meta,485,b8cda58b5ac3cab95e57b7401b5ab7b0557e2b65bdb041ca815047607d9ef2a4,,,,,Archived metadata - excluded from Unity import,,Metadata/source provenance; not auditioned,Source evidence only. Never copied into production.
UI/예전거 임시분리/ui_panel_open_03.wav,06_Audio/ImportedSource/SoundZip~/UI/예전거 임시분리/ui_panel_open_03.wav,107782,b65e2abe2f6d49129487756c8f20e1818e1a58c9c99f5925b92756530b51db59,0.373563,pcm_s24le,48000,2,UI/pickup candidate - unassigned,,Metadata/source provenance; not auditioned,Existing authored clips preferred; candidate needs user audition before final binding.
UI/예전거 임시분리/ui_panel_open_03.wav.meta,06_Audio/ImportedSource/SoundZip~/UI/예전거 임시분리/ui_panel_open_03.wav.meta,485,d3d7e4bbfc86c04153b81b279dc7e426c092fbe284234d45b8ce7caf73d161ff,,,,,Archived metadata - excluded from Unity import,,Metadata/source provenance; not auditioned,Source evidence only. Never copied into production.
UI/예전거 임시분리/ui_pause_01.wav,06_Audio/ImportedSource/SoundZip~/UI/예전거 임시분리/ui_pause_01.wav,107782,b65e2abe2f6d49129487756c8f20e1818e1a58c9c99f5925b92756530b51db59,0.373563,pcm_s24le,48000,2,UI/pickup candidate - unassigned,,Metadata/source provenance; not auditioned,Existing authored clips preferred; candidate needs user audition before final binding.
UI/예전거 임시분리/ui_pause_01.wav.meta,06_Audio/ImportedSource/SoundZip~/UI/예전거 임시분리/ui_pause_01.wav.meta,485,eb502eb326a2d4e5a123df4439e7f804444c220bbd88ad7bbe8cb3bf2b3cc5f9,,,,,Archived metadata - excluded from Unity import,,Metadata/source provenance; not auditioned,Source evidence only. Never copied into production.
UI/예전거 임시분리/ui_pause_02.wav,06_Audio/ImportedSource/SoundZip~/UI/예전거 임시분리/ui_pause_02.wav,76192,f7f567854a857eba20ec9369d76cd393a13fa63230da076efe18ed13596cbc56,0.263875,pcm_s24le,48000,2,UI/pickup candidate - unassigned,,Metadata/source provenance; not auditioned,Existing authored clips preferred; candidate needs user audition before final binding.
UI/예전거 임시분리/ui_pause_02.wav.meta,06_Audio/ImportedSource/SoundZip~/UI/예전거 임시분리/ui_pause_02.wav.meta,485,b21d947d27813880a8fdb3f921c6549a4b4788f9663e829b82899452261102db,,,,,Archived metadata - excluded from Unity import,,Metadata/source provenance; not auditioned,Source evidence only. Never copied into production.
UI/예전거 임시분리/ui_settings_01.wav,06_Audio/ImportedSource/SoundZip~/UI/예전거 임시분리/ui_settings_01.wav,104272,2bb1e412af77688c3d53a53408b5143c9fa2ce2b1c62f8239749af7f497e7dcc,0.361375,pcm_s24le,48000,2,UI/pickup candidate - unassigned,,Metadata/source provenance; not auditioned,Existing authored clips preferred; candidate needs user audition before final binding.
UI/예전거 임시분리/ui_settings_01.wav.meta,06_Audio/ImportedSource/SoundZip~/UI/예전거 임시분리/ui_settings_01.wav.meta,485,ce592e53576988a7953467bf6baa8fb0b75b528960b1ba49453f049ec9132c3a,,,,,Archived metadata - excluded from Unity import,,Metadata/source provenance; not auditioned,Source evidence only. Never copied into production.
UI/예전거 임시분리/ui_settings_02.wav,06_Audio/ImportedSource/SoundZip~/UI/예전거 임시분리/ui_settings_02.wav,137980,b1ea009c27f526fdf4397538497e7df367832fb83c6dab26b218370f286eada3,0.478417,pcm_s24le,48000,2,Selected - restores existing broken event reference,06_Audio/SFX/UI/tab_status_open.wav,Metadata/source provenance; not auditioned,Original archive meta matches pre-pass missing GUID; copied audio only; Unity creates new meta.
UI/예전거 임시분리/ui_settings_02.wav.meta,06_Audio/ImportedSource/SoundZip~/UI/예전거 임시분리/ui_settings_02.wav.meta,485,7962f9253ecb438eea97c410a2bbb02b2afef3ba5ed02c41091141aa1a869669,,,,,Archived metadata - excluded from Unity import,,Metadata/source provenance; not auditioned,Source evidence only. Never copied into production.
UI/예전거 임시분리/ui_unlock_01.wav,06_Audio/ImportedSource/SoundZip~/UI/예전거 임시분리/ui_unlock_01.wav,63660,8aa070eb9bbf6cffaad76a957e586b4f84788e385d40d91c753ef9033d5fee21,0.719841,pcm_s16le,44100,1,UI/pickup candidate - unassigned,,Metadata/source provenance; not auditioned,Existing authored clips preferred; candidate needs user audition before final binding.
UI/예전거 임시분리/ui_unlock_01.wav.meta,06_Audio/ImportedSource/SoundZip~/UI/예전거 임시분리/ui_unlock_01.wav.meta,485,d1df48fa190f4bacdd3788648ab547ef19ea8a6bbde18a8a2e05e4ce3dbc4ec9,,,,,Archived metadata - excluded from Unity import,,Metadata/source provenance; not auditioned,Source evidence only. Never copied into production.
UI/예전거 임시분리/ui_unlock_02.wav,06_Audio/ImportedSource/SoundZip~/UI/예전거 임시분리/ui_unlock_02.wav,72370,27b59f84f2a61d25b90bd9376d0d737a2d2131743b78062bcd13bf170a83a661,0.818594,pcm_s16le,44100,1,UI/pickup candidate - unassigned,,Metadata/source provenance; not auditioned,Existing authored clips preferred; candidate needs user audition before final binding.
UI/예전거 임시분리/ui_unlock_02.wav.meta,06_Audio/ImportedSource/SoundZip~/UI/예전거 임시분리/ui_unlock_02.wav.meta,485,a88fa0701b7bbc70e75510ec1f68152b1ce28463ff281e9a0cbb40bc7e6f0c8f,,,,,Archived metadata - excluded from Unity import,,Metadata/source provenance; not auditioned,Source evidence only. Never copied into production.
UI/예전거 임시분리/ui_upgrade_fail.wav,06_Audio/ImportedSource/SoundZip~/UI/예전거 임시분리/ui_upgrade_fail.wav,204360,a2b67bd5781ed69ee3aa2329f12992fc430fa79653c4a04c83d082509e4ac8e5,0.708917,pcm_s24le,48000,2,UI/pickup candidate - unassigned,,Metadata/source provenance; not auditioned,Existing authored clips preferred; candidate needs user audition before final binding.
UI/예전거 임시분리/ui_upgrade_fail.wav.meta,06_Audio/ImportedSource/SoundZip~/UI/예전거 임시분리/ui_upgrade_fail.wav.meta,485,6beae6d667d972f7c042cc191163e8c19d92b418916aa1727192f77320b7df14,,,,,Archived metadata - excluded from Unity import,,Metadata/source provenance; not auditioned,Source evidence only. Never copied into production.
UI/예전거 임시분리/ui_upgrade_fail_02.wav,06_Audio/ImportedSource/SoundZip~/UI/예전거 임시분리/ui_upgrade_fail_02.wav,290244,2b22f782046db00c95225898cb653f0c6e44fd1b60c478fbe34481370623765f,1.007125,pcm_s24le,48000,2,UI/pickup candidate - unassigned,,Metadata/source provenance; not auditioned,Existing authored clips preferred; candidate needs user audition before final binding.
UI/예전거 임시분리/ui_upgrade_fail_02.wav.meta,06_Audio/ImportedSource/SoundZip~/UI/예전거 임시분리/ui_upgrade_fail_02.wav.meta,485,7dde5ce173b8ba4482028df285b831a08e70b10654acf4dcf066cabba09e2835,,,,,Archived metadata - excluded from Unity import,,Metadata/source provenance; not auditioned,Source evidence only. Never copied into production.
UI/예전거 임시분리/ui_upgrade_success.wav,06_Audio/ImportedSource/SoundZip~/UI/예전거 임시분리/ui_upgrade_success.wav,169010,a78187ae63c486e13a06b4b61a60c10bd635e9b5cab7ac6003dccbca14918ca1,0.586146,pcm_s24le,48000,2,UI/pickup candidate - unassigned,,Metadata/source provenance; not auditioned,Existing authored clips preferred; candidate needs user audition before final binding.
UI/예전거 임시분리/ui_upgrade_success.wav.meta,06_Audio/ImportedSource/SoundZip~/UI/예전거 임시분리/ui_upgrade_success.wav.meta,485,67336c6b806b54c5af3611044c7e8d2e745d6fc482d616f494201a8d6567e516,,,,,Archived metadata - excluded from Unity import,,Metadata/source provenance; not auditioned,Source evidence only. Never copied into production.
UI/예전거 임시분리/ui_upgrade_success_02.wav,06_Audio/ImportedSource/SoundZip~/UI/예전거 임시분리/ui_upgrade_success_02.wav,270674,cf6adb64433694903938916d5acd8cdb6b46a7a3b7488544ef5af36780143328,0.939146,pcm_s24le,48000,2,UI/pickup candidate - unassigned,,Metadata/source provenance; not auditioned,Existing authored clips preferred; candidate needs user audition before final binding.
UI/예전거 임시분리/ui_upgrade_success_02.wav.meta,06_Audio/ImportedSource/SoundZip~/UI/예전거 임시분리/ui_upgrade_success_02.wav.meta,485,b5ebabc44827cae4cd1ccffde94cfe1acfab0cc901b3c4ea27be5781efd34228,,,,,Archived metadata - excluded from Unity import,,Metadata/source provenance; not auditioned,Source evidence only. Never copied into production.
UI/예전거 임시분리/ui_upgrade_success_03.wav,06_Audio/ImportedSource/SoundZip~/UI/예전거 임시분리/ui_upgrade_success_03.wav,338180,51cb384657f7374e0aa89347031e7409412b42622a17ab006c46e7f6b0e5c7ef,1.173542,pcm_s24le,48000,2,UI/pickup candidate - unassigned,,Metadata/source provenance; not auditioned,Existing authored clips preferred; candidate needs user audition before final binding.
UI/예전거 임시분리/ui_upgrade_success_03.wav.meta,06_Audio/ImportedSource/SoundZip~/UI/예전거 임시분리/ui_upgrade_success_03.wav.meta,485,550f2e5f1a46afd52fb31088602c36a223c9a019c0fadb336f100815fd592d7c,,,,,Archived metadata - excluded from Unity import,,Metadata/source provenance; not auditioned,Source evidence only. Never copied into production.
UI/예전거 임시분리/warning_message.wav,06_Audio/ImportedSource/SoundZip~/UI/예전거 임시분리/warning_message.wav,138940,1e4c5094880146f353921922c13657593ea8447ab4e33dc5903b3637981ad983,0.48175,pcm_s24le,48000,2,Selected - restores existing broken event reference,06_Audio/SFX/UI/warning_message.wav,Metadata/source provenance; not auditioned,Original archive meta matches pre-pass missing GUID; copied audio only; Unity creates new meta.
UI/예전거 임시분리/warning_message.wav.meta,06_Audio/ImportedSource/SoundZip~/UI/예전거 임시분리/warning_message.wav.meta,485,d8e8e2a1316f0e62e34a94a17d471ed405ed7bf71fb9bc6a908900f13cd97896,,,,,Archived metadata - excluded from Unity import,,Metadata/source provenance; not auditioned,Source evidence only. Never copied into production.
UI/예전거 임시분리/warning_message_02.wav,06_Audio/ImportedSource/SoundZip~/UI/예전거 임시분리/warning_message_02.wav,66874,37d5844ee7d7244731785a57f898adc12e4fc75c103e63f6780a20070d3c20d0,0.231521,pcm_s24le,48000,2,Selected - restores existing broken event reference,06_Audio/SFX/UI/warning_message_02.wav,Metadata/source provenance; not auditioned,Original archive meta matches pre-pass missing GUID; copied audio only; Unity creates new meta.
UI/예전거 임시분리/warning_message_02.wav.meta,06_Audio/ImportedSource/SoundZip~/UI/예전거 임시분리/warning_message_02.wav.meta,485,a039124a07be47095081f233c3774c58d040484bcb311bdc4ec046001a61b1f9,,,,,Archived metadata - excluded from Unity import,,Metadata/source provenance; not auditioned,Source evidence only. Never copied into production.
ui_access_denied.wav,06_Audio/ImportedSource/SoundZip~/ui_access_denied.wav,48508,ff1beb93df8791983efa727baa1c853207802082531182cb2aa6ef96c32a6000,0.273152,pcm_s16le,44100,2,UI/pickup candidate - unassigned,,Metadata/source provenance; not auditioned,Existing authored clips preferred; candidate needs user audition before final binding.
ui_countdown_tick.wav,06_Audio/ImportedSource/SoundZip~/ui_countdown_tick.wav,194672,147c0691ab49cfdfb6f36abc9523f43e2a89cfcc5ed552519be8645fe895beaa,0.675792,pcm_s24le,48000,2,UI/pickup candidate - unassigned,,Metadata/source provenance; not auditioned,Existing authored clips preferred; candidate needs user audition before final binding.
ui_retro_confirm.wav,06_Audio/ImportedSource/SoundZip~/ui_retro_confirm.wav,966356,a96d72cf6649cc42185139a3114d784323bdd8e3337b599effa878cf1335d910,0.838813,pcm_s24le,192000,2,Ambiguous - unassigned,,Metadata/source provenance; not auditioned,Audition before any mission/relay/communication assignment; source name is generic or duration unsuitable.
ui_soft_confirm.wav,06_Audio/ImportedSource/SoundZip~/ui_soft_confirm.wav,32662,4febddc364744dcadd88debf14e9e23d137c35d96ae2c6e924015eec10d4e687,0.369297,pcm_s16le,44100,1,UI/pickup candidate - unassigned,,Metadata/source provenance; not auditioned,Existing authored clips preferred; candidate needs user audition before final binding.
ui_toggle.mp3,06_Audio/ImportedSource/SoundZip~/ui_toggle.mp3,15405,232f380113521807511706ce0cb491bd4aca3fa5da1daea263f82e3c246828ce,0.33,mp3,48000,2,UI/pickup candidate - unassigned,,Metadata/source provenance; not auditioned,Existing authored clips preferred; candidate needs user audition before final binding.
ui_warning_short.wav,06_Audio/ImportedSource/SoundZip~/ui_warning_short.wav,16074,fce16ad1211fcce22c931c83f4279d88fcc584f7bd038506a90c29ca6aada6af,0.089887,pcm_s16le,44100,2,UI/pickup candidate - unassigned,,Metadata/source provenance; not auditioned,Existing authored clips preferred; candidate needs user audition before final binding.
weapon_laser_shot.wav,06_Audio/ImportedSource/SoundZip~/weapon_laser_shot.wav,138787,49ed43cde252c7807b7c2b6074e2e44d33aecc0bc5e0508f850ea5bc4a24201d,1.043469,pcm_s24le,44100,1,Combat/presentation candidate - unassigned,,Metadata/source provenance; not auditioned,Existing combat/dash/text presentation unchanged; requires user audition before future use.
모음집1.flac,06_Audio/ImportedSource/SoundZip~/Compilations/모음집1.flac,1915291,28c7ae120942ed1db6a8aaa7e7ff9881c22a0a28ce732b1518b30d9e641d0dc0,15.273458,flac,48000,2,Compilation - manual cutting required,,Metadata/source provenance; not auditioned,Keep separate; manually cut and audition in Cakewalk Sonar. Never bind the whole file.
모음집2.wav,06_Audio/ImportedSource/SoundZip~/Compilations/모음집2.wav,21925514,e8aaca9dac7ba96092b4018d7784ced372b2df2532de541dd3ccaad5c8809f4c,76.129396,pcm_s24le,96000,1,Compilation - manual cutting required,,Metadata/source provenance; not auditioned,Keep separate; manually cut and audition in Cakewalk Sonar. Never bind the whole file.
모음집3.wav,06_Audio/ImportedSource/SoundZip~/Compilations/모음집3.wav,1593242,0fd1e53cc5077c861e600716a256fb199e7ae07cfb6ca3ce330f0c86229c33e9,6.021156,pcm_s24le,44100,2,Compilation - manual cutting required,,Metadata/source provenance; not auditioned,Keep separate; manually cut and audition in Cakewalk Sonar. Never bind the whole file.
모음집4.ogg,06_Audio/ImportedSource/SoundZip~/Compilations/모음집4.ogg,820022,16c99c143e952a96c8f23400e8de5cdc4d42f60a64932d8849513a3c31dccf7e,70.128,vorbis,48000,2,Compilation - manual cutting required,,Metadata/source provenance; not auditioned,Keep separate; manually cut and audition in Cakewalk Sonar. Never bind the whole file.
분류필요.zip,06_Audio/ImportedSource/SoundZip~/분류필요.zip,72633796,b0076f16bd86c57ea98775b43614f752ab29cce9fa518e1c2f0a6be0006db478,,,,,Nested source archive - inspected and preserved,,Metadata/source provenance; not auditioned,37 audio files byte-identical to outer-archive clips; duplicate extraction avoided.
분류필요.zip!/489486__lilmati__access-denied.wav,06_Audio/ImportedSource/SoundZip~/ui_access_denied.wav,48508,ff1beb93df8791983efa727baa1c853207802082531182cb2aa6ef96c32a6000,0.273152,pcm_s16le,44100,2,UI/pickup candidate - unassigned,,Metadata/source provenance; not auditioned,Existing authored clips preferred; candidate needs user audition before final binding.
분류필요.zip!/514291__mrthenoronha__alien-sound-1-8-bit.wav,06_Audio/ImportedSource/SoundZip~/curse_alien_glitch.wav,332626,05c89891e871c8025b0bf0d64fd2d55b553d9a59025f8d55ef0afa0e30652058,1.884626,pcm_s16le,44100,2,Combat/presentation candidate - unassigned,,Metadata/source provenance; not auditioned,Existing combat/dash/text presentation unchanged; requires user audition before future use.
분류필요.zip!/515317__basarunder__countdown-1.wav,06_Audio/ImportedSource/SoundZip~/ui_countdown_tick.wav,194672,147c0691ab49cfdfb6f36abc9523f43e2a89cfcc5ed552519be8645fe895beaa,0.675792,pcm_s24le,48000,2,UI/pickup candidate - unassigned,,Metadata/source provenance; not auditioned,Existing authored clips preferred; candidate needs user audition before final binding.
분류필요.zip!/___menu-sounds.flac,06_Audio/ImportedSource/SoundZip~/Compilations/모음집1.flac,1915291,28c7ae120942ed1db6a8aaa7e7ff9881c22a0a28ce732b1518b30d9e641d0dc0,15.273458,flac,48000,2,Compilation - manual cutting required,,Metadata/source provenance; not auditioned,Keep separate; manually cut and audition in Cakewalk Sonar. Never bind the whole file.
분류필요.zip!/audiopapkin__dark-sound-design-elements-sfx-ps-011.wav,06_Audio/ImportedSource/SoundZip~/event_curse_ambient_stinger.wav,4466610,19ba4fdf7a480c1a6e842e29f0c34b3ed856cd2795ad0bfb880f658577ca390a,15.506667,pcm_s24le,48000,2,Combat/presentation candidate - unassigned,,Metadata/source provenance; not auditioned,Existing combat/dash/text presentation unchanged; requires user audition before future use.
분류필요.zip!/audiopapkin__riser-hit-sfx-119.wav,06_Audio/ImportedSource/SoundZip~/boss_phase_riser_long.wav,7894420,374acab0bd86a099e5cd68c85f04e93b28cb4f46cdb157fbfab6a3f585d624db,10.279083,pcm_f32le,96000,2,Combat/presentation candidate - unassigned,,Metadata/source provenance; not auditioned,Existing combat/dash/text presentation unchanged; requires user audition before future use.
분류필요.zip!/audiopapkin__sound-design-elements-impact-sfx-ps-001.wav,06_Audio/ImportedSource/SoundZip~/boss_impact_heavy.wav,3901524,ee1fd66ef27ea1a9c557848918aec67637ab5a35d31fa5dccec507e607c230ab,5.08,pcm_f32le,96000,2,Combat/presentation candidate - unassigned,,Metadata/source provenance; not auditioned,Existing combat/dash/text presentation unchanged; requires user audition before future use.
분류필요.zip!/bit_soft_impact.wav,06_Audio/ImportedSource/SoundZip~/ui_soft_confirm.wav,32662,4febddc364744dcadd88debf14e9e23d137c35d96ae2c6e924015eec10d4e687,0.369297,pcm_s16le,44100,1,UI/pickup candidate - unassigned,,Metadata/source provenance; not auditioned,Existing authored clips preferred; candidate needs user audition before final binding.
분류필요.zip!/coins-game-sound.wav,06_Audio/ImportedSource/SoundZip~/Compilations/모음집3.wav,1593242,0fd1e53cc5077c861e600716a256fb199e7ae07cfb6ca3ce330f0c86229c33e9,6.021156,pcm_s24le,44100,2,Compilation - manual cutting required,,Metadata/source provenance; not auditioned,Keep separate; manually cut and audition in Cakewalk Sonar. Never bind the whole file.
분류필요.zip!/Curse_txt.wav,06_Audio/ImportedSource/SoundZip~/curse_text_tick.wav,1556,8ead2d798186e81e2726507b28e870fac9a664ad68f326c45c4078f426b9eb5a,0.012494,pcm_s16le,44100,1,Already present in project - no duplicate selected,06_Audio/SFX/Talk/Curse_txt.wav,Metadata/source provenance; not auditioned,
분류필요.zip!/dash (2).wav,06_Audio/ImportedSource/SoundZip~/player_dash_light.wav,51330,e21faf31ed6e61ef2b14acfd3cf441cb779c14759bed7c76479a481cff3d5e2a,0.16,pcm_s24le,48000,2,Already present in project - no duplicate selected,06_Audio/SFX/Player/dash (2).wav,Metadata/source provenance; not auditioned,
분류필요.zip!/dash.wav,06_Audio/ImportedSource/SoundZip~/player_dash_heavy.wav,105524,9d8cad344c4a653fd58c356db1770d5cb4fad725577b5f7808e9fce12a02fa24,0.597959,pcm_s16le,44100,2,Already present in project - no duplicate selected,06_Audio/SFX/Player/dash.wav,Metadata/source provenance; not auditioned,
분류필요.zip!/eating_chip.wav,06_Audio/ImportedSource/SoundZip~/pickup_tuning_chip.wav,465020,a587b36e2d4d03a0d0028346f97fecbda8862df9337a702c8e0b8c74a7346003,1.317438,pcm_f32le,44100,2,Ambiguous - unassigned,,Metadata/source provenance; not auditioned,Byte-identical to nested eating_chip.wav; filename is not evidence of an electronic pickup.
분류필요.zip!/energy_alarm.wav,06_Audio/ImportedSource/SoundZip~/boss_charge_warning.wav,277048,a88b2b2a28693ce3b3dc825ddbbfb4d0f5dfc369775679b28e61e3cf4370d8ba,1.56737,pcm_s16le,44100,2,Combat/presentation candidate - unassigned,,Metadata/source provenance; not auditioned,Existing combat/dash/text presentation unchanged; requires user audition before future use.
분류필요.zip!/event_cinematic-woosh-sfx-015.wav,06_Audio/ImportedSource/SoundZip~/event_transition_woosh.wav,3038286,a1bd6d50d031b8cf41fc0aa5d57907cf1956d3ab54056a8403b7224695702474,5.274656,pcm_s24le,96000,2,UI/pickup candidate - unassigned,,Metadata/source provenance; not auditioned,Existing authored clips preferred; candidate needs user audition before final binding.
분류필요.zip!/eventsounds.mp3,06_Audio/ImportedSource/SoundZip~/event_signal_activate.mp3,64199,6b050faa2c5a9537cb4124831bb4b17e1ad666fd8f240565ce8c66a5a4438db1,0.866033,mp3,44100,2,Ambiguous - unassigned,,Metadata/source provenance; not auditioned,Audition before any mission/relay/communication assignment; source name is generic or duration unsuitable.
분류필요.zip!/fight.flac,06_Audio/ImportedSource/SoundZip~/bgm_combat_loop.flac,3561850,400af7e1040708a84d50b7517cc8171bf70f29cd23571b6d00d01e566f35a6d4,33.936009,flac,44100,2,Already present in project - no duplicate selected,06_Audio/BGM/fight.flac,Metadata/source provenance; not auditioned,
분류필요.zip!/fmaudio__clicking-large-stones-together-2.wav,06_Audio/ImportedSource/SoundZip~/debris_small_click.wav,16976,f15de451f263a78120beabc6a02638c4415a1affcfd40fb0ab0893c184e30fdf,0.053094,pcm_s24le,96000,1,Combat/presentation candidate - unassigned,,Metadata/source provenance; not auditioned,Existing combat/dash/text presentation unchanged; requires user audition before future use.
분류필요.zip!/fmaudio__clunking-large-stones-together-2.wav,06_Audio/ImportedSource/SoundZip~/debris_heavy_clunk.wav,16230,9545e65bb290b554c25d2122cd7e677524f65c96d05efb35b21fe40bda466075,0.050521,pcm_s24le,96000,1,Combat/presentation candidate - unassigned,,Metadata/source provenance; not auditioned,Existing combat/dash/text presentation unchanged; requires user audition before future use.
분류필요.zip!/jazz-loop-rusted-maid.flac,06_Audio/ImportedSource/SoundZip~/bgm_shop_loop.flac,3193400,4115f253086edb5d1305fe503f9505e63a823d8facb1101e99c88afc4c2f8c1d,30.843039,flac,44100,2,Music - out of scope,,Metadata/source provenance; not auditioned,Not used as Settlement ambience; BGM unchanged.
분류필요.zip!/laser-effect-contact-mic.wav,06_Audio/ImportedSource/SoundZip~/Compilations/모음집2.wav,21925514,e8aaca9dac7ba96092b4018d7784ced372b2df2532de541dd3ccaad5c8809f4c,76.129396,pcm_s24le,96000,1,Compilation - manual cutting required,,Metadata/source provenance; not auditioned,Keep separate; manually cut and audition in Cakewalk Sonar. Never bind the whole file.
분류필요.zip!/laser_agreement.flac,06_Audio/ImportedSource/SoundZip~/boss_laser_charge_shot.flac,140012,6d5b01290152eb417898e1f998f758c4e5eaa73ef134d89f2065daeb989f2563,2.333333,flac,48000,2,Combat/presentation candidate - unassigned,,Metadata/source provenance; not auditioned,Existing combat/dash/text presentation unchanged; requires user audition before future use.
분류필요.zip!/lasergun.wav,06_Audio/ImportedSource/SoundZip~/weapon_laser_shot.wav,138787,49ed43cde252c7807b7c2b6074e2e44d33aecc0bc5e0508f850ea5bc4a24201d,1.043469,pcm_s24le,44100,1,Combat/presentation candidate - unassigned,,Metadata/source provenance; not auditioned,Existing combat/dash/text presentation unchanged; requires user audition before future use.
분류필요.zip!/lightswitch-click-02.mp3,06_Audio/ImportedSource/SoundZip~/ui_toggle.mp3,15405,232f380113521807511706ce0cb491bd4aca3fa5da1daea263f82e3c246828ce,0.33,mp3,48000,2,UI/pickup candidate - unassigned,,Metadata/source provenance; not auditioned,Existing authored clips preferred; candidate needs user audition before final binding.
분류필요.zip!/main_loop.wav,06_Audio/ImportedSource/SoundZip~/bgm_main_menu_loop.wav,11641526,9e03f7f7ff23a245f521827b0c09baed58c8384ff7b4d3e2e95587512435a6ae,40.421063,pcm_s24le,48000,2,Already present in project - no duplicate selected,06_Audio/BGM/main_loop.wav,Metadata/source provenance; not auditioned,
분류필요.zip!/noise_hit_00.mp3,06_Audio/ImportedSource/SoundZip~/sfx_glitch_hit.mp3,37533,1bdf256086bcadaec89b331433840826001c3b38216f795657e4eb91e56fb2f2,1.67185,mp3,44100,2,Combat/presentation candidate - unassigned,,Metadata/source provenance; not auditioned,Existing combat/dash/text presentation unchanged; requires user audition before future use.
분류필요.zip!/noise_shutdown.wav,06_Audio/ImportedSource/SoundZip~/system_shutdown.wav,277268,4d239443f74a3d27c7dfd4727aeb6f807bbfb7b7e6b54c7e21515110d5214f05,1.571565,pcm_s16le,44100,2,Combat/presentation candidate - unassigned,,Metadata/source provenance; not auditioned,Existing combat/dash/text presentation unchanged; requires user audition before future use.
분류필요.zip!/riser-hit-sfx-069.wav,06_Audio/ImportedSource/SoundZip~/boss_phase_riser_hit.wav,2666580,b0555a1ec2cfa28c56b8f6eab0c4b922451af06710774d2b570497c36beca039,3.472,pcm_f32le,96000,2,Combat/presentation candidate - unassigned,,Metadata/source provenance; not auditioned,Existing combat/dash/text presentation unchanged; requires user audition before future use.
분류필요.zip!/Settlement_txt.wav,06_Audio/ImportedSource/SoundZip~/settlement_text_tick.wav,5932,583032df5938f9a1ca2477e7e11cb3c508a377c7d828e1d19e27bd39b797ab59,0.066757,pcm_s16le,44100,1,Already present in project - no duplicate selected,06_Audio/SFX/Talk/Settlement_txt.wav,Metadata/source provenance; not auditioned,
분류필요.zip!/stereo-retro-sfx.wav,06_Audio/ImportedSource/SoundZip~/ui_retro_confirm.wav,966356,a96d72cf6649cc42185139a3114d784323bdd8e3337b599effa878cf1335d910,0.838813,pcm_s24le,192000,2,Ambiguous - unassigned,,Metadata/source provenance; not auditioned,Audition before any mission/relay/communication assignment; source name is generic or duration unsuitable.
분류필요.zip!/strange-mechanical-whiplash.wav,06_Audio/ImportedSource/SoundZip~/boss_laser_sweep_mechanical.wav,3228786,4d0f6538c512b37f2efb6ff39d50d2837580315335f4c999dbb2fc31780055a3,9.149932,pcm_s32le,44100,2,Combat/presentation candidate - unassigned,,Metadata/source provenance; not auditioned,Existing combat/dash/text presentation unchanged; requires user audition before future use.
분류필요.zip!/test_talk-sfx.wav,06_Audio/ImportedSource/SoundZip~/dialogue_text_tick.wav,2836,e0d091e30646c161f58a1c4cbdfc4e15b65d1c8a0951026440eaac2421c418b4,0.029083,pcm_s16le,48000,1,Already present in project - no duplicate selected,06_Audio/SFX/Talk/test_talk-sfx.wav,Metadata/source provenance; not auditioned,
분류필요.zip!/turo_eventsound.wav,06_Audio/ImportedSource/SoundZip~/event_tutorial_anomaly.wav,5821936,92d1c9ccdc109788a92575bbe8294f3e442f3d9fe35f3f28247bc671832ad839,22.0,pcm_s24le,44100,2,Ambiguous - unassigned,,Metadata/source provenance; not auditioned,Audition before any mission/relay/communication assignment; source name is generic or duration unsuitable.
분류필요.zip!/tutri.wav,06_Audio/ImportedSource/SoundZip~/bgm_tutorial_loop.wav,4839222,cccc16202e6e573c78f30e6d255dfe8a5d8f2a59c71dc002529f22bc6d3f9edc,27.428571,pcm_s16le,44100,2,Already present in project - no duplicate selected,06_Audio/BGM/tutri.wav,Metadata/source provenance; not auditioned,
분류필요.zip!/ui.ogg,06_Audio/ImportedSource/SoundZip~/Compilations/모음집4.ogg,820022,16c99c143e952a96c8f23400e8de5cdc4d42f60a64932d8849513a3c31dccf7e,70.128,vorbis,48000,2,Compilation - manual cutting required,,Metadata/source provenance; not auditioned,Keep separate; manually cut and audition in Cakewalk Sonar. Never bind the whole file.
분류필요.zip!/undyn_txt.wav,06_Audio/ImportedSource/SoundZip~/dialogue_text_tick_low.wav,21026,2ec89a67ff93f4ade3ddddf20e7d5ff3396ab8349e727dcdddebaf2a9973073d,0.067073,pcm_s24le,96000,1,Combat/presentation candidate - unassigned,,Metadata/source provenance; not auditioned,Existing combat/dash/text presentation unchanged; requires user audition before future use.
분류필요.zip!/warning.wav,06_Audio/ImportedSource/SoundZip~/ui_warning_short.wav,16074,fce16ad1211fcce22c931c83f4279d88fcc584f7bd038506a90c29ca6aada6af,0.089887,pcm_s16le,44100,2,UI/pickup candidate - unassigned,,Metadata/source provenance; not auditioned,Existing authored clips preferred; candidate needs user audition before final binding.
